timestamp,mq135_ppm,mq2_ppm,temp,humidity,hour,target_t30,target_t60,gas_type
2024-01-01 08:14:06,264.2,1781.2,23.3,54.2,11,454.0,260.0,Clean
2024-01-01 08:18:16,199.8,1380.7,19.8,48.6,16,173.3,139.1,Clean
2024-01-02 08:00:22,771.4,457.3,26.7,56.1,16,595.0,759.4,CO
2024-01-01 08:19:36,179.0,1382.8,21.0,52.7,8,182.2,160.6,Clean
2024-01-04 08:03:02,437.7,841.6,29.1,59.0,18,407.8,571.4,NH3
2024-01-01 08:20:32,153.5,1146.5,21.8,55.3,12,180.6,98.2,Clean
2024-01-04 08:01:02,698.8,643.3,28.1,55.9,13,533.1,559.1,NH3
2024-01-04 08:01:06,653.7,640.2,32.0,64.0,16,523.4,577.1,NH3
2024-01-04 08:03:42,659.9,1029.9,28.3,64.4,13,692.4,544.7,NH3
2024-01-03 08:02:46,488.3,896.2,24.9,51.5,16,437.1,496.5,CO2
2024-01-04 08:02:56,614.1,245.0,31.5,53.0,12,545.1,662.0,NH3
2024-01-01 08:19:22,158.4,1399.2,20.7,51.3,13,152.8,151.4,Clean
2024-01-01 08:21:08,129.9,1143.4,22.7,50.1,18,166.9,144.7,Clean
2024-01-01 08:05:16,194.7,1609.7,30.2,72.0,10,212.7,175.9,Clean
2024-01-01 08:12:10,196.8,1571.8,25.1,58.2,13,200.7,219.7,Clean
2024-01-01 08:14:56,239.7,1859.4,21.7,49.5,12,252.9,305.4,Clean
2024-01-01 08:11:06,164.1,1392.0,25.6,61.6,17,175.6,211.1,Clean
2024-01-01 08:16:30,245.7,1834.3,21.7,48.8,11,229.9,176.2,Clean
2024-01-03 08:02:24,389.2,1206.8,22.2,53.3,12,303.5,438.0,CO2
2024-01-03 08:01:46,360.2,495.7,23.9,65.5,13,463.7,443.0,CO2
2024-01-01 08:01:52,224.7,1676.2,29.5,66.8,16,278.1,268.2,Clean
2024-01-01 08:02:20,691.8,3098.6,27.1,64.9,18,239.8,220.9,LPG
2024-01-01 08:16:10,212.2,1747.8,22.0,48.7,13,250.2,235.7,Clean
2024-01-01 08:12:56,242.9,1581.0,24.0,62.2,12,479.5,266.3,Clean
2024-01-01 08:17:36,215.0,1582.0,18.9,49.3,8,225.6,191.8,Clean
2024-01-04 08:00:54,407.4,666.3,30.0,69.3,15,419.7,426.0,NH3
2024-01-02 08:03:54,731.8,1464.2,29.1,69.0,17,515.7,516.0,CO
2024-01-01 08:12:22,219.9,1556.2,24.1,57.4,19,229.2,221.2,Clean
2024-01-04 08:02:18,444.4,1428.9,34.5,58.4,16,497.8,522.6,NH3
2024-01-02 08:01:20,834.1,1166.1,27.1,59.5,8,549.3,881.2,CO
2024-01-01 08:21:52,155.7,1165.6,22.3,55.5,16,121.3,167.9,Clean
2024-01-01 08:22:38,193.3,1241.3,21.1,58.7,15,190.7,225.2,Clean
2024-01-01 08:01:42,231.2,1677.1,27.5,63.1,11,244.3,256.5,Clean
2024-01-01 08:09:14,138.4,1266.6,27.0,62.6,9,475.2,148.5,Clean
2024-01-01 08:05:48,210.6,1668.3,29.1,70.5,14,161.7,151.9,Clean
2024-01-01 08:20:34,165.6,1176.5,21.1,50.0,13,146.9,151.3,Clean
2024-01-02 08:01:22,578.8,1096.0,27.0,59.0,18,623.1,787.7,CO
2024-01-01 08:02:52,268.2,1821.5,26.8,67.3,10,240.6,244.2,Smoke
2024-01-01 08:10:18,157.3,1166.0,26.1,64.0,17,150.8,171.2,Clean
2024-01-04 08:03:52,489.1,812.7,31.3,53.5,19,550.9,491.4,NH3
2024-01-01 08:12:58,213.1,1839.3,23.4,61.4,13,226.1,244.5,Clean
2024-01-01 08:23:32,163.1,1638.0,26.5,56.9,18,198.9,198.9,Clean
2024-01-01 08:22:34,201.6,1201.9,22.6,52.2,13,155.7,224.7,Clean
2024-01-03 08:03:48,388.9,635.3,23.8,63.0,16,479.6,397.4,CO2
2024-01-04 08:01:04,640.2,1247.1,34.2,63.4,12,667.4,598.8,NH3
2024-01-01 08:03:38,245.7,1755.2,28.0,68.5,9,253.1,571.7,Clean
2024-01-01 08:02:56,239.4,1925.4,27.4,69.3,12,232.6,266.9,Clean
2024-01-01 08:01:02,262.8,1519.5,27.7,62.3,15,226.8,240.1,Clean
2024-01-02 08:02:14,504.9,962.2,29.3,55.6,9,867.7,707.7,CO
2024-01-01 08:18:06,225.6,1388.3,19.8,49.9,11,191.8,167.8,Clean
2024-01-01 08:06:24,193.7,1461.2,30.5,72.6,8,569.4,180.1,Clean
2024-01-01 08:16:26,218.9,1806.4,20.7,51.3,9,226.9,225.4,Clean
2024-01-01 08:12:42,206.4,1320.5,25.9,60.8,17,195.5,216.7,Clean
2024-01-01 08:06:38,387.1,2631.3,30.1,70.4,15,165.5,175.7,LPG
2024-01-01 08:20:42,159.9,1203.3,21.3,52.1,17,166.8,176.1,Clean
2024-01-03 08:00:08,373.4,958.3,22.1,65.6,16,434.6,461.1,CO2
2024-01-03 08:03:06,459.6,788.7,25.7,64.2,19,343.5,408.2,CO2
2024-01-01 08:22:00,145.6,1310.4,22.5,58.2,8,149.7,168.5,Clean
2024-01-01 08:15:06,260.0,1793.1,23.5,55.3,17,236.8,245.7,Clean
2024-01-03 08:01:24,381.3,1463.4,25.2,56.2,17,339.3,400.0,CO2
2024-01-01 08:14:40,257.0,1546.0,21.9,50.0,16,233.9,739.7,Clean
2024-01-04 08:03:24,628.8,1145.8,29.3,62.6,8,645.6,520.3,NH3
2024-01-01 08:23:04,155.7,1409.2,25.3,60.8,16,224.7,198.9,Clean
2024-01-01 08:09:38,140.4,1163.5,26.4,67.7,9,158.3,164.9,Clean
2024-01-03 08:00:28,391.1,1099.2,22.8,56.6,12,454.9,312.4,CO2
2024-01-02 08:03:18,818.6,992.3,31.0,66.2,9,581.6,542.5,CO
2024-01-03 08:01:12,436.6,742.3,26.0,61.4,18,481.2,396.6,CO2
2024-01-01 08:15:54,250.5,1821.0,22.0,49.8,17,612.4,209.4,Smoke
2024-01-01 08:17:42,174.0,1626.5,21.4,48.1,11,205.7,223.0,Clean
2024-01-02 08:03:30,791.5,1156.3,24.7,58.0,14,786.1,524.8,CO
2024-01-01 08:18:40,188.1,1406.9,20.7,51.7,16,126.5,162.7,Clean
2024-01-04 08:01:48,440.2,306.6,34.7,51.7,9,462.8,476.8,NH3
2024-01-01 08:19:52,152.8,1142.4,20.1,49.6,16,151.4,130.3,Clean
2024-01-01 08:12:34,218.7,1390.5,24.7,59.6,13,200.5,234.1,Clean
2024-01-01 08:03:46,295.2,1699.0,28.0,64.5,13,241.3,233.6,Clean
2024-01-01 08:19:16,139.1,1338.7,17.5,53.1,10,166.3,117.8,Clean
2024-01-04 08:03:48,644.5,1304.3,34.9,51.1,8,512.9,583.0,NH3
2024-01-03 08:03:38,343.8,611.4,23.2,51.3,8,458.3,316.3,CO2
2024-01-03 08:01:22,453.3,271.0,22.0,59.8,13,475.7,450.6,CO2
2024-01-03 08:03:30,386.9,400.9,25.1,64.5,16,300.7,300.1,CO2
2024-01-01 08:08:32,176.7,1163.2,28.7,69.2,12,121.3,149.0,Clean
2024-01-01 08:20:22,151.4,1336.8,19.0,49.8,19,130.3,184.5,Clean
2024-01-01 08:03:34,251.3,1734.4,28.6,71.3,19,594.6,227.5,Clean
2024-01-01 08:01:58,262.4,1819.4,28.1,62.1,19,195.7,260.3,Smoke
2024-01-02 08:00:52,636.7,323.3,24.0,69.9,14,510.1,572.7,CO
2024-01-01 08:11:42,222.1,1503.3,26.9,61.6,11,210.1,206.4,Clean
2024-01-01 08:23:56,191.9,1543.9,26.3,62.7,18,198.9,198.9,Clean
2024-01-01 08:13:28,226.1,1873.8,24.2,53.2,16,244.5,278.3,Clean
2024-01-04 08:03:38,462.0,607.5,28.8,63.5,10,450.8,485.1,NH3
2024-01-01 08:00:46,191.1,1620.0,26.7,60.6,19,204.3,252.2,Clean
2024-01-03 08:02:08,341.8,1478.8,26.8,62.8,16,317.4,424.4,CO2
2024-01-01 08:04:42,257.5,1536.4,29.1,69.4,17,257.5,191.3,Clean
2024-01-01 08:16:42,269.2,1716.9,19.1,50.1,17,229.8,174.0,Clean
2024-01-01 08:14:38,248.1,1762.6,21.8,50.9,15,239.2,235.6,Clean
2024-01-01 08:11:50,176.0,1427.1,24.7,59.8,15,209.6,224.6,Clean
2024-01-04 08:02:38,550.8,566.3,30.7,66.1,17,500.9,516.4,NH3
2024-01-03 08:01:34,326.3,596.4,26.3,59.3,18,409.1,427.0,CO2
2024-01-01 08:15:28,246.1,1691.3,20.1,50.7,16,265.8,468.0,Clean
2024-01-01 08:03:22,240.6,1935.3,28.2,72.8,13,244.2,239.0,Clean
2024-01-01 08:05:56,196.2,1629.8,28.5,70.4,18,395.2,186.6,Clean
2024-01-01 08:18:42,223.0,1373.4,21.3,47.7,17,174.8,151.1,Clean
2024-01-02 08:02:16,557.2,360.6,29.1,66.4,17,669.5,579.0,CO
2024-01-04 08:00:00,679.0,1193.9,33.3,68.1,14,546.0,550.5,NH3
2024-01-04 08:01:18,431.1,1393.1,30.7,53.3,14,652.3,633.8,NH3
2024-01-01 08:11:12,163.5,1377.7,25.4,58.9,8,222.1,210.1,Clean
2024-01-01 08:19:28,168.4,1342.2,20.8,53.2,16,475.4,200.7,Clean
2024-01-01 08:17:34,211.6,1486.7,21.3,53.3,19,208.2,176.1,Clean
2024-01-01 08:01:38,202.5,1907.9,27.2,61.2,9,261.2,209.3,Clean
2024-01-02 08:03:02,710.0,385.3,24.5,63.7,18,769.5,534.2,CO
2024-01-01 08:23:10,173.4,1470.6,25.1,57.2,19,196.4,198.9,Clean
2024-01-01 08:21:06,141.6,1276.6,22.2,53.9,17,148.1,147.6,Clean
2024-01-04 08:00:40,486.8,789.2,28.4,58.9,17,691.1,556.0,NH3
2024-01-01 08:02:32,250.3,1787.3,29.6,69.4,12,269.4,285.8,Clean
2024-01-04 08:00:50,430.1,816.9,30.1,56.1,8,449.1,634.6,NH3
2024-01-01 08:00:20,199.4,1571.8,24.9,57.5,18,223.4,246.9,Clean
2024-01-02 08:00:00,709.5,358.0,30.2,56.2,14,527.6,765.3,CO
2024-01-01 08:06:36,185.5,1361.3,30.2,67.1,14,185.6,148.4,Clean
2024-01-01 08:11:08,197.9,1315.6,26.1,63.6,18,186.6,217.7,Clean
2024-01-01 08:06:56,186.6,1514.4,31.1,69.9,12,133.4,144.2,Clean
2024-01-01 08:09:40,149.0,1350.6,26.0,64.1,10,161.6,170.1,Clean
2024-01-03 08:00:14,493.3,977.2,25.5,57.2,19,360.0,435.8,CO2
2024-01-01 08:07:16,159.3,1338.4,30.6,68.7,10,146.9,188.8,Clean
2024-01-01 08:08:14,140.8,1403.2,29.3,65.9,15,85.6,138.4,Clean
2024-01-01 08:17:26,225.4,1482.6,21.4,50.1,15,589.1,193.2,Clean
2024-01-01 08:15:34,262.8,1763.4,23.1,49.8,19,210.0,229.8,Clean
2024-01-01 08:03:12,255.6,1825.0,27.8,67.9,8,246.1,220.6,Smoke
2024-01-01 08:02:46,239.3,1751.6,29.6,64.1,19,249.6,295.2,Clean
2024-01-01 08:15:16,238.4,1697.7,23.0,50.3,10,273.1,272.8,Clean
2024-01-04 08:02:06,502.4,299.6,30.2,63.7,17,620.6,617.3,NH3
2024-01-02 08:03:12,680.6,655.1,29.5,50.6,18,574.6,693.4,CO
2024-01-01 08:23:46,202.7,1410.3,22.6,60.1,13,198.9,198.9,Clean
2024-01-04 08:01:26,699.4,924.7,28.6,57.3,17,567.9,421.3,NH3
2024-01-01 08:09:44,475.2,2661.0,27.0,64.3,12,148.5,153.2,LPG
2024-01-01 08:04:38,571.7,3111.9,28.4,69.2,15,227.6,194.3,LPG
2024-01-02 08:01:16,800.9,943.5,30.4,51.3,8,502.4,766.8,CO
2024-01-02 08:01:48,565.9,1323.2,25.7,63.2,8,631.1,746.9,CO
2024-01-01 08:23:50,218.6,1507.3,25.4,60.2,15,198.9,198.9,Clean
2024-01-04 08:02:52,686.0,1155.2,31.5,53.5,10,625.1,483.7,NH3
2024-01-01 08:14:24,242.3,1722.4,21.5,53.6,8,231.2,234.8,Clean
2024-01-01 08:02:36,250.8,1796.4,28.7,65.6,14,243.4,252.7,Clean
2024-01-01 08:17:56,589.1,2292.2,19.5,51.1,18,193.2,138.5,LPG
2024-01-01 08:06:58,252.6,1346.7,31.2,72.9,13,155.6,174.0,Clean
2024-01-03 08:02:48,435.3,820.1,26.9,52.2,16,345.3,376.6,CO2
2024-01-01 08:15:24,234.8,1884.6,23.1,51.4,14,250.5,612.4,Clean
2024-01-02 08:02:32,608.2,916.8,27.9,54.8,11,804.9,723.3,CO
2024-01-01 08:01:18,235.4,1759.0,27.1,62.3,11,261.1,233.8,Clean
2024-01-01 08:01:00,213.0,1557.9,26.2,62.6,14,221.0,233.8,Clean
2024-01-04 08:02:42,610.4,875.0,29.2,67.4,13,693.8,491.7,NH3
2024-01-01 08:04:32,218.9,1624.4,30.9,67.9,12,231.0,228.3,Clean
2024-01-01 08:01:48,261.1,1805.1,28.2,65.0,14,233.8,233.6,Smoke
2024-01-03 08:00:02,366.5,661.2,22.8,56.3,19,314.2,482.5,CO2
2024-01-01 08:09:06,150.3,1132.3,29.7,65.6,17,158.2,170.5,Clean
2024-01-03 08:02:44,450.3,762.7,24.2,62.5,8,393.4,353.8,CO2
2024-01-01 08:18:56,138.5,1245.2,21.6,52.7,12,210.8,148.3,Clean
2024-01-01 08:13:16,228.9,1707.1,21.6,56.1,10,265.8,267.7,Clean
2024-01-01 08:00:06,233.1,1590.0,26.3,61.3,11,197.3,206.1,Clean
2024-01-01 08:10:14,148.5,1273.8,27.4,67.2,15,153.2,174.4,Clean
2024-01-01 08:09:56,172.3,1204.1,25.6,65.6,18,180.0,186.3,Clean
2024-01-04 08:02:58,645.4,365.4,30.7,65.5,9,488.4,412.5,NH3
2024-01-01 08:21:50,156.2,1209.2,23.5,55.6,15,187.1,186.3,Clean
2024-01-03 08:03:08,447.7,562.3,23.1,52.3,15,315.7,310.6,CO2
2024-01-02 08:01:12,575.7,1546.2,31.5,52.4,13,535.9,723.9,CO
2024-01-01 08:16:54,209.4,1645.6,21.5,51.9,11,201.6,194.3,Clean
2024-01-01 08:01:56,249.1,1747.2,29.2,61.9,18,279.1,239.4,Clean
2024-01-01 08:02:06,220.7,1828.6,26.0,62.5,11,250.8,243.4,Clean
2024-01-01 08:14:30,249.9,1891.6,22.6,51.9,11,701.3,243.7,Clean
2024-01-01 08:11:44,210.6,1468.5,25.0,60.8,12,206.8,176.7,Clean
2024-01-01 08:03:20,220.9,1743.6,29.4,67.8,12,251.3,207.2,Clean
2024-01-01 08:05:36,205.3,1620.2,30.6,70.1,8,206.8,185.5,Clean
2024-01-01 08:19:34,146.0,1276.8,18.6,50.2,19,172.9,165.6,Clean
2024-01-01 08:11:04,178.4,1410.7,25.6,63.2,16,161.0,200.0,Clean
2024-01-04 08:03:08,497.0,1147.2,30.7,56.2,8,400.5,662.3,NH3
2024-01-01 08:18:52,136.7,1181.2,19.7,47.1,10,158.4,152.8,Clean
2024-01-01 08:17:38,190.8,1397.9,20.1,53.0,9,492.8,174.7,Clean
2024-01-01 08:08:06,514.8,2264.2,29.2,68.2,11,159.9,150.3,LPG
2024-01-01 08:08:08,130.9,1220.6,28.4,67.2,12,166.4,130.5,Clean
2024-01-01 08:14:44,502.2,2975.3,21.7,53.0,18,458.6,215.8,LPG
2024-01-01 08:14:00,284.8,1731.6,22.4,56.0,8,249.9,701.3,Clean
2024-01-01 08:17:06,204.0,1890.8,19.4,51.0,17,215.0,225.6,Clean
2024-01-01 08:07:00,186.2,1293.2,31.3,70.4,14,186.2,140.7,Clean
2024-01-01 08:02:12,244.3,1857.7,26.6,66.9,14,256.5,255.6,Clean
2024-01-01 08:09:48,161.6,1400.4,26.6,68.8,14,157.3,150.8,Clean
2024-01-01 08:02:14,266.1,1822.3,28.4,65.4,15,279.1,254.8,Smoke
2024-01-02 08:01:54,691.3,1614.1,27.2,66.9,14,635.5,869.0,CO
2024-01-01 08:00:24,215.2,1603.3,24.6,62.9,8,230.2,231.2,Clean
2024-01-01 08:11:02,158.2,1396.3,25.4,63.1,15,159.4,232.0,Clean
2024-01-01 08:17:24,201.6,1530.9,19.6,48.0,14,194.3,212.3,Clean
2024-01-01 08:14:20,223.5,1683.8,21.6,55.1,18,263.2,288.4,Clean
2024-01-01 08:18:28,194.0,1544.8,19.8,50.0,10,168.1,168.4,Clean
2024-01-03 08:02:16,385.1,566.4,25.4,60.9,13,373.2,443.5,CO2
2024-01-01 08:23:52,199.7,1459.4,24.1,61.9,16,198.9,198.9,Clean
2024-01-01 08:06:08,191.8,1496.8,29.1,69.4,12,387.1,165.5,Clean
2024-01-01 08:10:38,164.9,1409.7,27.5,62.9,15,197.9,186.6,Clean
2024-01-01 08:07:10,186.3,1276.4,30.0,69.0,19,146.9,147.9,Clean
2024-01-01 08:14:50,263.2,2043.1,20.3,53.2,9,288.4,240.1,LPG
2024-01-01 08:09:58,169.0,1281.1,29.2,65.6,19,190.4,187.2,Clean
2024-01-04 08:02:34,694.9,757.5,30.8,63.4,14,691.2,507.7,NH3
2024-01-04 08:02:26,513.1,1263.8,32.0,65.2,13,549.9,444.9,NH3
2024-01-03 08:00:16,494.0,1064.2,25.7,63.7,13,303.8,347.4,CO2
2024-01-03 08:00:58,402.9,1456.7,23.7,65.0,18,466.5,303.7,CO2
2024-01-01 08:07:42,165.3,1301.0,28.8,72.1,11,144.7,149.4,Clean
2024-01-04 08:02:00,424.2,846.8,33.4,58.8,9,602.8,427.1,NH3
2024-01-01 08:11:32,159.4,1300.4,25.0,62.0,18,232.0,231.7,Clean
2024-01-01 08:00:04,214.7,1375.7,23.4,62.3,10,220.9,226.3,Clean
2024-01-01 08:16:28,468.0,2214.7,20.4,49.4,10,208.6,197.9,LPG
2024-01-02 08:00:24,629.2,764.8,28.5,52.8,17,620.0,527.4,CO
2024-01-02 08:02:42,721.3,555.9,26.2,65.0,13,645.3,631.2,CO
2024-01-03 08:01:18,325.2,1274.4,24.5,51.0,13,391.6,496.7,CO2
2024-01-04 08:02:32,519.9,1267.2,30.5,52.1,12,587.0,567.9,NH3
2024-01-01 08:10:36,173.3,1323.4,27.7,63.2,14,164.1,175.6,Clean
2024-01-01 08:17:12,229.8,1786.3,21.1,50.5,8,174.0,205.7,Clean
2024-01-03 08:00:06,321.3,274.6,24.7,60.1,12,461.8,301.4,CO2
2024-01-03 08:02:32,407.7,756.9,24.5,60.6,16,402.1,405.0,CO2
2024-01-02 08:01:06,509.6,395.2,24.3,53.3,8,532.2,584.7,CO
2024-01-01 08:13:38,248.3,1761.2,22.9,55.6,9,258.1,248.1,Clean
2024-01-01 08:09:10,159.5,1173.2,28.6,68.6,19,149.0,161.6,Clean
2024-01-04 08:01:38,409.5,781.6,28.0,56.3,17,409.1,678.9,NH3
2024-01-01 08:20:56,151.1,1063.4,22.4,56.2,12,121.4,160.2,Clean
2024-01-01 08:21:28,146.8,1329.7,21.5,52.4,16,153.8,136.5,Clean
2024-01-03 08:01:28,429.7,578.1,24.2,60.1,18,341.1,416.4,CO2
2024-01-01 08:19:42,151.1,1345.9,19.6,50.0,11,138.6,159.9,Clean
2024-01-01 08:11:24,458.4,2532.0,26.6,58.5,14,192.0,239.9,LPG
2024-01-03 08:00:26,426.2,209.6,24.0,58.2,13,457.8,368.9,CO2
2024-01-01 08:10:24,179.6,1318.5,25.6,64.2,8,188.9,458.4,Clean
2024-01-01 08:10:16,171.8,1326.3,26.3,63.5,16,212.1,189.9,Clean
2024-01-02 08:00:32,741.3,1206.4,31.1,51.4,14,645.0,826.3,CO
2024-01-01 08:07:54,161.6,1293.1,31.0,69.2,17,194.8,121.4,Clean
2024-01-01 08:10:46,212.1,1317.5,27.8,61.9,19,189.9,191.1,Clean
2024-01-01 08:10:12,185.3,1262.4,25.8,60.9,14,180.7,163.5,Clean
2024-01-04 08:00:16,679.8,1105.8,33.1,59.1,15,534.7,608.5,NH3
2024-01-01 08:11:40,198.0,1445.7,25.7,59.9,10,196.8,200.7,Clean
2024-01-01 08:03:32,285.8,1946.1,26.9,69.7,18,224.6,218.9,Smoke
2024-01-01 08:20:10,191.9,1028.7,21.2,53.2,13,134.8,117.2,Clean
2024-01-01 08:01:50,259.6,1589.0,26.2,62.5,15,691.8,239.8,Clean
2024-01-01 08:07:06,185.6,1115.4,28.9,67.8,17,148.4,514.8,Clean
2024-01-01 08:04:00,259.0,1754.4,28.9,66.3,8,266.2,229.9,Clean
2024-01-01 08:18:34,176.1,1447.7,20.2,50.9,13,179.5,146.0,Clean
2024-01-01 08:00:50,223.4,1554.4,26.4,61.4,9,246.9,259.6,Clean
2024-01-01 08:02:24,246.9,1812.6,29.1,66.3,8,256.5,242.0,Clean
2024-01-04 08:01:00,560.0,1235.9,34.2,64.0,13,516.6,601.8,NH3
2024-01-01 08:01:28,205.2,1823.6,28.3,63.3,16,262.4,195.7,Clean
2024-01-01 08:20:04,172.9,1226.0,20.7,51.9,10,165.6,146.9,Clean
2024-01-01 08:16:34,229.8,1729.8,18.8,52.4,13,218.1,211.6,Clean
2024-01-02 08:00:40,898.3,1646.3,25.7,63.9,14,820.4,841.8,CO
2024-01-01 08:09:20,153.1,1344.9,27.6,64.8,12,141.0,611.7,Clean
2024-01-04 08:03:06,463.1,249.5,30.9,68.4,15,566.2,556.9,NH3
2024-01-01 08:13:00,207.4,1633.4,24.8,55.6,14,248.2,284.8,Clean
2024-01-01 08:13:46,265.8,1786.7,23.4,55.2,13,267.7,247.9,Clean
2024-01-01 08:13:42,216.7,1777.2,22.6,58.3,11,226.6,248.8,Clean
2024-01-01 08:09:32,149.0,1301.7,27.9,67.7,18,146.1,179.2,Clean
2024-01-01 08:10:56,186.3,1490.7,25.7,64.1,12,175.6,205.1,Clean
2024-01-02 08:00:38,669.1,1262.2,29.9,54.7,13,687.6,689.4,CO
2024-01-01 08:14:08,258.1,1753.7,21.6,57.2,12,248.1,239.2,Clean
2024-01-02 08:00:34,820.7,1481.3,30.5,57.0,17,829.6,738.9,CO
2024-01-01 08:08:40,132.2,1282.8,28.0,68.6,16,159.5,149.0,Clean
2024-01-01 08:16:20,237.8,1603.1,19.6,54.8,18,218.4,183.1,Clean
2024-01-01 08:22:02,146.6,1196.6,22.0,51.9,9,143.7,199.7,Clean
2024-01-01 08:12:02,232.0,1472.9,24.8,57.7,9,231.7,236.0,Clean
2024-01-01 08:11:58,183.0,1582.4,27.3,60.6,19,255.6,213.1,Clean
2024-01-03 08:03:20,428.6,726.5,22.7,55.3,11,347.9,388.3,CO2
2024-01-01 08:02:00,233.8,1777.8,27.9,68.0,8,264.8,251.9,Clean
2024-01-01 08:14:16,267.7,1938.8,21.7,52.1,16,247.9,238.4,Smoke
2024-01-01 08:03:04,235.9,1944.5,28.8,66.4,16,251.3,594.6,Clean
2024-01-01 08:22:44,159.4,1437.8,24.5,56.5,18,156.2,183.0,Clean
2024-01-01 08:08:50,125.2,1085.1,29.7,69.1,9,153.1,141.0,Clean
2024-01-02 08:00:50,747.2,1157.2,25.1,61.7,15,773.5,839.0,CO
2024-01-03 08:03:58,394.9,1432.9,23.2,57.2,13,309.2,329.9,CO2
2024-01-01 08:13:08,251.9,1685.2,25.4,56.2,18,248.3,258.1,Clean
2024-01-01 08:10:42,180.7,1267.1,26.2,63.6,17,163.5,222.1,Clean
2024-01-01 08:06:04,176.6,1491.1,28.8,72.5,10,188.2,192.4,Clean
2024-01-01 08:17:18,232.4,1766.8,19.7,50.3,11,191.5,179.4,Clean
2024-01-01 08:09:52,173.2,1166.2,29.3,65.6,16,184.5,195.5,Clean
2024-01-01 08:03:40,208.6,1647.2,29.3,67.3,10,284.7,236.6,Clean
2024-01-03 08:02:22,306.9,228.4,22.3,65.9,13,310.9,303.8,CO2
2024-01-03 08:02:20,304.2,251.2,25.7,63.8,11,343.7,368.7,CO2
2024-01-01 08:16:52,215.6,1669.1,18.5,49.2,10,605.3,185.6,Clean
2024-01-03 08:01:30,479.8,810.2,26.8,56.5,13,422.7,360.0,CO2
2024-01-02 08:03:14,874.8,1198.9,25.9,60.7,16,799.7,671.7,CO
2024-01-01 08:19:30,169.1,1195.0,18.6,51.1,17,171.5,154.1,Clean
2024-01-01 08:08:42,149.4,1245.9,30.4,71.5,17,154.3,143.6,Clean
2024-01-01 08:22:56,188.4,1313.0,22.6,55.7,12,158.0,191.9,Clean
2024-01-01 08:17:30,176.2,1451.6,20.9,48.0,17,216.1,178.2,Clean
2024-01-01 08:18:02,175.9,1498.4,19.1,46.7,9,175.8,207.2,Clean
2024-01-02 08:03:44,522.2,838.6,25.7,52.4,16,600.9,518.1,CO
2024-01-01 08:04:34,227.5,1751.0,30.3,71.3,13,209.7,249.0,Clean
2024-01-03 08:02:18,413.1,439.6,23.4,52.7,11,345.9,432.9,CO2
2024-01-04 08:01:46,587.1,577.5,28.7,56.3,10,624.2,582.9,NH3
2024-01-03 08:00:30,396.4,1059.7,26.9,63.9,8,343.5,446.9,CO2
2024-01-01 08:10:54,188.9,1181.0,28.8,62.4,11,458.4,192.0,Clean
2024-01-01 08:21:12,166.8,1147.5,22.7,52.7,8,176.1,154.9,Clean
2024-01-01 08:20:28,200.7,1225.3,21.2,54.7,10,171.9,146.8,Clean
2024-01-01 08:00:58,218.4,1505.0,27.9,64.6,13,205.2,262.4,Clean
2024-01-01 08:05:30,221.0,1761.2,31.2,64.7,17,462.5,194.5,Clean
2024-01-01 08:08:16,188.8,1217.2,30.8,70.7,16,360.2,151.9,Clean
2024-01-01 08:15:56,305.4,1785.6,20.2,50.5,18,218.9,226.9,CO2
2024-01-01 08:11:28,177.2,1383.5,25.1,61.4,16,183.0,255.6,Clean
2024-01-02 08:03:36,536.5,758.4,29.1,60.7,10,690.0,514.6,CO
2024-01-02 08:00:16,643.9,1164.5,26.5,64.1,18,652.8,890.2,CO
2024-01-01 08:19:04,179.5,1336.9,17.8,51.8,16,146.0,172.9,Clean
2024-01-01 08:12:40,200.7,1705.0,23.4,60.3,16,219.7,252.9,Clean
2024-01-03 08:03:46,421.6,1428.1,23.1,52.6,11,319.1,392.6,CO2
2024-01-01 08:18:36,191.8,1422.6,20.7,52.6,14,167.8,179.0,Clean
2024-01-01 08:02:10,272.5,1880.2,26.9,65.3,13,244.9,220.5,Smoke
2024-01-04 08:00:44,691.9,955.7,29.4,52.0,18,480.6,477.5,NH3
2024-01-03 08:03:26,375.4,952.1,23.0,50.5,17,475.1,473.8,CO2
2024-01-01 08:12:14,206.8,1563.1,25.2,57.8,15,176.7,257.6,Clean
2024-01-01 08:08:28,121.5,1166.5,29.0,68.3,10,152.6,510.0,Clean
2024-01-02 08:01:24,676.5,382.8,31.1,67.4,12,870.4,872.1,CO
2024-01-01 08:12:04,200.0,1480.9,24.0,61.3,10,218.7,200.5,Clean
2024-01-01 08:07:22,129.6,1389.2,28.6,70.0,13,430.3,171.0,Clean
2024-01-01 08:07:50,171.6,1365.0,29.6,66.0,15,127.7,125.2,Clean
2024-01-01 08:13:30,248.2,1599.6,24.6,54.1,17,284.8,249.9,Clean
2024-01-03 08:02:26,463.3,374.8,23.9,52.1,13,320.6,489.1,CO2
2024-01-01 08:10:10,161.6,1299.2,26.8,67.3,13,170.1,176.3,Clean
2024-01-02 08:01:14,683.7,1213.2,29.0,58.3,12,864.3,843.2,CO
2024-01-02 08:02:20,597.7,762.8,30.3,64.7,8,884.6,574.3,CO
2024-01-04 08:02:12,465.1,836.1,34.2,69.6,18,657.5,529.3,NH3
2024-01-01 08:08:18,161.3,1076.2,28.0,71.6,17,145.2,143.0,Clean
2024-01-03 08:01:26,476.0,866.4,24.6,53.6,17,489.5,325.6,CO2
2024-01-01 08:15:14,458.6,2832.3,21.6,52.3,9,215.8,711.2,LPG
2024-01-01 08:02:22,278.1,1804.6,27.4,67.9,19,268.2,240.6,Smoke
2024-01-01 08:03:08,601.6,2637.4,27.5,70.6,18,245.7,253.1,LPG
2024-01-01 08:01:06,206.1,1769.0,25.6,64.1,17,244.1,220.7,Clean
2024-01-02 08:00:42,504.2,1322.3,25.1,62.6,16,572.1,636.0,CO
2024-01-01 08:08:38,166.4,1281.2,30.2,63.7,15,130.5,140.4,Clean
2024-01-01 08:06:48,151.9,1496.1,30.0,70.6,8,170.0,202.3,Clean
2024-01-01 08:14:14,259.9,1633.3,21.6,56.6,15,502.2,458.6,Clean
2024-01-02 08:03:06,632.2,1300.2,24.0,67.5,8,799.6,707.2,CO
2024-01-02 08:01:42,505.8,872.7,29.8,55.5,11,578.2,740.2,CO
2024-01-01 08:02:34,242.8,1860.6,27.6,66.9,13,235.9,251.3,Clean
2024-01-01 08:02:48,233.6,1755.0,28.8,70.5,8,244.7,241.8,Clean
2024-01-01 08:20:30,154.1,1175.4,21.4,52.6,11,116.2,146.5,Clean
2024-01-01 08:02:44,279.1,1806.8,28.5,66.2,18,254.8,247.5,Smoke
2024-01-03 08:03:16,360.9,567.3,24.3,56.8,14,488.1,440.4,CO2
2024-01-01 08:16:04,210.0,1764.8,20.7,48.3,10,229.8,218.1,Clean
2024-01-04 08:03:00,600.2,1389.1,34.8,58.9,9,477.6,649.2,NH3
2024-01-01 08:19:48,179.9,1255.8,19.9,52.8,14,183.0,182.1,Clean
2024-01-04 08:02:30,482.1,438.6,33.5,63.3,11,614.4,618.8,NH3
2024-01-02 08:02:58,828.9,480.0,25.9,59.0,14,520.5,796.3,CO
2024-01-02 08:03:48,806.4,1131.7,25.6,68.1,14,549.4,837.6,CO
2024-01-01 08:00:10,199.7,1507.8,25.2,63.1,13,246.4,204.3,Clean
2024-01-01 08:10:20,611.7,2278.2,26.7,62.4,18,147.4,166.8,LPG
2024-01-02 08:03:26,523.6,1177.8,31.9,65.7,14,586.4,702.0,CO
2024-01-01 08:03:28,245.3,1746.4,29.1,66.7,16,258.7,217.5,Clean
2024-01-01 08:03:14,254.8,1886.6,29.7,69.0,9,247.5,228.5,Smoke
2024-01-01 08:11:48,194.8,1570.8,26.7,61.0,14,192.8,205.6,Clean
2024-01-01 08:20:40,134.8,1219.9,20.2,50.8,16,117.2,190.3,Clean
2024-01-01 08:10:28,190.4,1237.5,27.6,62.4,10,187.2,177.2,Clean
2024-01-04 08:00:46,401.5,302.6,32.0,60.7,9,547.7,645.6,NH3
2024-01-01 08:20:02,137.5,1288.5,22.3,52.0,9,153.5,180.6,Clean
2024-01-04 08:00:56,522.1,888.0,30.6,64.4,15,611.8,581.6,NH3
2024-01-01 08:09:22,164.2,1298.4,26.7,65.2,13,173.2,184.5,Clean
2024-01-01 08:19:58,475.4,2047.8,19.4,51.2,19,200.7,171.9,LPG
2024-01-01 08:08:52,182.7,1350.9,28.4,66.4,10,164.2,173.2,Clean
2024-01-01 08:17:52,185.6,1684.3,18.3,46.7,16,186.7,136.7,Clean
2024-01-03 08:02:50,372.7,706.0,23.2,51.0,16,326.4,335.6,CO2
2024-01-01 08:22:10,161.6,1287.0,23.5,56.3,13,182.9,173.4,Clean
2024-01-01 08:16:48,215.9,1654.8,20.7,46.9,8,232.4,191.5,Clean
2024-01-04 08:01:12,462.0,964.3,31.6,64.1,19,688.9,491.7,NH3
2024-01-01 08:19:54,138.1,1215.5,20.0,50.5,17,157.8,147.5,Clean
2024-01-01 08:03:56,266.9,1862.9,29.8,71.4,18,245.9,236.8,Smoke
2024-01-03 08:02:56,366.4,636.6,25.0,55.2,17,344.7,313.9,CO2
2024-01-01 08:08:20,127.7,1230.3,29.4,66.0,18,125.2,153.1,Clean
2024-01-01 08:20:08,163.0,1234.9,21.3,51.4,12,155.3,129.9,Clean
2024-01-01 08:09:30,112.8,1250.1,27.7,65.8,17,140.3,165.3,Clean
2024-01-01 08:14:32,281.2,1723.0,22.3,52.1,12,269.1,260.2,Clean
2024-01-01 08:00:18,218.7,1469.2,25.0,59.8,17,209.5,235.4,Clean
2024-01-01 08:14:10,272.9,1774.7,21.0,55.0,13,257.0,233.9,Clean
2024-01-01 08:06:32,168.3,1476.7,29.0,68.4,12,196.7,165.1,Clean
2024-01-01 08:23:08,190.7,1308.7,24.1,57.2,18,225.2,198.9,Clean
2024-01-01 08:12:20,209.6,1547.6,24.2,56.9,18,224.6,200.6,Clean
2024-01-01 08:02:42,256.5,1744.8,29.3,71.0,17,255.6,246.1,Clean
2024-01-01 08:19:26,210.8,1216.7,20.5,50.3,15,148.3,129.5,Clean
2024-01-03 08:03:14,356.6,953.8,26.2,62.8,17,389.9,482.3,CO2
2024-01-01 08:23:42,191.1,1539.8,24.6,57.2,11,198.9,198.9,Clean
2024-01-01 08:07:58,174.0,1286.7,28.0,70.0,19,121.5,152.6,Clean
2024-01-03 08:00:12,453.3,397.3,24.2,66.9,9,490.1,382.7,CO2
2024-01-01 08:07:02,196.7,1532.3,30.1,70.0,15,165.1,153.8,Clean
2024-01-02 08:03:20,802.7,470.4,26.3,56.4,14,616.8,835.0,CO
2024-01-01 08:15:50,240.1,1814.5,21.3,51.7,15,237.8,218.4,Clean
2024-01-01 08:18:22,186.7,1499.7,20.8,49.5,19,136.7,158.4,Clean
2024-01-01 08:07:34,141.7,1210.3,30.7,65.1,19,165.8,137.1,Clean
2024-01-04 08:00:32,529.0,257.9,34.5,66.1,18,618.3,533.9,NH3
2024-01-01 08:19:50,148.4,1120.6,19.6,49.5,15,165.9,139.9,Clean
2024-01-01 08:15:02,269.1,1828.0,21.5,54.6,15,260.2,223.4,Smoke
2024-01-03 08:02:14,453.8,1136.6,24.6,55.9,17,324.9,338.5,CO2
2024-01-01 08:05:54,231.5,1529.1,30.1,69.5,17,193.7,569.4,Clean
2024-01-04 08:03:56,688.9,1162.5,29.3,62.9,18,673.8,401.2,NH3
2024-01-01 08:17:08,209.8,1547.8,20.5,48.3,18,190.8,492.8,Clean
2024-01-01 08:15:58,265.8,1897.1,20.5,50.2,19,468.0,208.6,Smoke
2024-01-04 08:02:40,477.3,547.8,28.3,66.5,18,555.7,638.8,NH3
2024-01-03 08:00:48,409.3,1237.1,25.1,54.5,13,450.7,402.9,CO2
2024-01-01 08:16:38,204.7,1908.6,21.3,53.2,15,209.8,190.8,Clean
2024-01-01 08:16:12,227.2,1670.4,19.7,52.7,14,269.2,229.8,Clean
2024-01-01 08:00:14,221.5,1571.4,26.9,62.2,15,220.1,190.9,Clean
2024-01-03 08:02:54,355.1,1362.1,25.6,52.7,15,355.0,388.0,CO2
2024-01-01 08:05:10,206.7,1805.2,30.4,73.7,19,190.7,209.7,Clean
2024-01-01 08:11:54,192.0,1444.1,25.2,59.7,17,239.9,260.6,Clean
2024-01-01 08:20:36,160.6,1166.8,21.5,51.4,14,141.6,148.1,Clean
2024-01-01 08:07:26,133.4,1284.3,28.7,70.9,15,144.2,172.7,Clean
2024-01-01 08:10:58,187.2,1485.6,26.5,64.6,13,177.2,183.0,Clean
2024-01-01 08:22:08,144.7,1328.2,24.2,55.5,12,193.3,190.7,Clean
2024-01-01 08:17:16,220.1,1665.8,18.7,48.5,10,181.2,199.8,Clean
2024-01-03 08:01:36,361.9,450.5,22.7,52.7,15,436.8,471.8,CO2
2024-01-01 08:15:30,243.7,1883.0,22.5,54.1,17,240.4,245.7,Clean
2024-01-01 08:21:40,190.3,1202.5,22.1,56.2,10,161.6,182.9,Clean
2024-01-03 08:00:42,397.1,1382.9,25.5,64.5,17,495.2,318.5,CO2
2024-01-01 08:21:38,166.9,1129.4,21.5,52.1,9,144.7,193.3,Clean
2024-01-01 08:22:48,146.8,1427.3,22.7,57.0,8,179.2,194.9,Clean
2024-01-04 08:02:46,414.9,360.6,28.5,64.0,15,601.6,679.8,NH3
2024-01-02 08:02:10,649.5,1458.5,30.1,61.1,14,590.8,711.5,CO
2024-01-01 08:17:46,181.2,1570.1,20.0,54.2,13,199.8,173.3,Clean
2024-01-04 08:01:50,434.7,588.0,32.3,63.7,13,561.1,522.1,NH3
2024-01-04 08:02:16,690.5,1139.6,29.7,55.3,15,434.7,531.4,NH3
2024-01-01 08:22:16,108.1,1269.8,22.7,55.8,16,180.4,200.5,Clean
2024-01-02 08:02:56,811.1,446.5,25.9,51.6,17,658.0,721.1,CO
2024-01-02 08:02:26,841.9,574.1,30.5,54.6,13,640.7,763.3,CO
2024-01-01 08:05:26,198.0,1691.0,30.8,68.5,15,196.2,395.2,Clean
2024-01-01 08:07:36,148.4,1271.4,29.6,69.4,8,514.8,159.9,Clean
2024-01-01 08:19:46,166.3,1313.6,20.8,54.8,13,117.8,177.2,Clean
2024-01-02 08:03:46,632.5,910.4,24.7,50.4,16,678.7,675.2,CO
2024-01-01 08:07:04,192.4,1194.9,30.5,72.5,16,141.7,165.8,Clean
2024-01-03 08:01:08,420.6,289.4,24.9,61.6,15,300.5,348.7,CO2
2024-01-01 08:02:38,209.3,1797.6,27.3,68.9,15,601.6,245.7,Clean
2024-01-01 08:04:56,236.8,1723.9,29.7,70.1,12,198.0,196.2,Clean
2024-01-01 08:10:04,172.7,1244.3,27.2,65.5,10,160.0,178.4,Clean
2024-01-01 08:14:54,231.2,1856.1,20.1,53.8,11,234.8,250.5,Clean
2024-01-01 08:14:18,211.7,1696.5,22.4,52.8,17,223.7,225.3,Clean
2024-01-01 08:19:24,178.7,1278.6,21.8,50.6,14,138.1,157.8,Clean
2024-01-01 08:17:40,220.8,1581.4,19.6,54.3,10,179.0,188.1,Clean
2024-01-01 08:01:26,228.1,1695.2,26.0,62.9,15,249.1,279.1,Clean
2024-01-01 08:14:58,228.8,1885.3,20.8,56.9,13,246.1,265.8,Clean
2024-01-01 08:04:26,245.9,1837.6,29.3,72.2,9,236.8,198.0,Clean
2024-01-01 08:20:58,171.9,1177.5,21.2,54.5,13,146.8,153.8,Clean
2024-01-01 08:16:02,223.4,1712.4,22.2,49.6,9,705.2,222.7,Clean
2024-01-01 08:19:10,126.5,1314.6,19.2,54.1,19,162.7,191.9,Clean
2024-01-01 08:10:22,184.5,1108.2,27.1,64.5,19,195.5,189.0,Clean
2024-01-01 08:13:36,239.9,1718.5,22.2,55.4,8,264.2,454.0,Clean
2024-01-01 08:18:10,179.0,1328.5,19.0,51.3,13,188.1,126.5,Clean
2024-01-01 08:23:14,156.2,1414.3,25.1,56.6,9,183.0,198.9,Clean
2024-01-01 08:18:18,179.4,1572.7,21.3,50.1,17,203.1,190.9,Clean
2024-01-03 08:03:00,453.1,1405.0,25.4,68.9,8,463.4,419.5,CO2
2024-01-03 08:00:38,484.9,747.0,23.1,55.9,17,302.9,340.8,CO2
2024-01-01 08:00:00,209.9,1530.8,25.3,56.5,8,201.7,213.0,Clean
2024-01-01 08:14:04,239.4,1751.3,22.7,55.5,10,221.2,230.2,Clean
2024-01-01 08:12:00,210.8,1467.8,25.5,60.4,8,198.0,207.4,Clean
2024-01-01 08:12:44,176.7,1823.8,22.1,59.5,18,257.6,209.0,Clean
2024-01-01 08:10:32,179.2,1170.7,26.0,65.0,12,158.2,159.4,Clean
2024-01-02 08:02:54,867.0,746.2,29.4,62.5,14,838.0,504.8,CO
2024-01-01 08:20:52,130.3,945.1,21.8,55.0,10,184.5,155.7,Clean
2024-01-01 08:18:24,212.3,1324.5,18.4,48.0,8,156.5,178.7,Clean
2024-01-04 08:01:54,441.8,627.4,34.3,57.2,13,588.2,468.0,NH3
2024-01-04 08:02:44,404.3,504.7,34.7,58.3,13,608.9,421.9,NH3
2024-01-01 08:20:44,188.0,1246.0,22.0,48.6,18,151.9,148.6,Clean
2024-01-01 08:05:44,205.2,1647.2,29.7,68.2,12,192.2,202.7,Clean
2024-01-01 08:15:00,701.3,2622.8,23.2,54.2,14,243.7,240.4,LPG
2024-01-01 08:04:10,284.7,1794.5,29.0,63.8,13,236.6,206.7,Clean
2024-01-03 08:02:36,377.6,1218.6,23.0,52.1,13,385.0,450.1,CO2
2024-01-01 08:22:26,156.6,1297.6,23.3,56.5,9,188.4,158.0,Clean
2024-01-01 08:21:02,180.6,1020.0,20.6,51.5,15,98.2,146.6,Clean
2024-01-04 08:02:24,570.2,801.4,31.6,58.3,19,660.4,556.4,NH3
2024-01-01 08:03:00,251.9,1781.3,27.5,65.8,14,256.3,259.0,Clean
2024-01-04 08:02:54,671.0,618.0,28.0,50.2,14,495.2,593.9,NH3
2024-01-01 08:06:02,181.8,1454.1,28.7,74.1,9,168.3,196.7,Clean
2024-01-01 08:12:06,211.1,1726.0,25.2,61.1,11,259.7,264.3,Clean
2024-01-01 08:17:48,191.5,1650.3,18.7,49.8,14,179.4,203.1,Clean
2024-01-01 08:09:08,130.5,1100.7,29.8,64.8,18,140.4,158.3,Clean
2024-01-03 08:02:06,496.9,1122.6,26.5,50.7,9,409.0,334.6,CO2
2024-01-04 08:01:52,653.3,1074.1,28.0,64.2,15,621.2,603.3,NH3
2024-01-01 08:02:18,233.8,1614.2,28.9,65.7,17,233.6,244.7,Clean
2024-01-01 08:09:42,143.6,1240.5,29.4,67.7,11,185.3,180.7,Clean
2024-01-01 08:04:22,239.0,1670.2,28.6,66.5,19,203.1,231.8,Clean
2024-01-01 08:10:00,140.3,1293.6,28.4,64.9,8,165.3,175.1,Clean
2024-01-01 08:18:04,208.2,1539.5,20.7,47.2,10,176.1,179.5,Clean
2024-01-01 08:10:52,195.5,1399.4,28.1,63.5,10,189.0,196.6,Clean
2024-01-01 08:04:48,234.4,1614.2,30.6,67.8,8,230.9,210.6,Clean
2024-01-01 08:17:58,188.7,1495.7,20.0,54.9,19,194.0,168.1,Clean
2024-01-01 08:22:14,190.6,1419.5,21.4,57.9,15,159.4,156.2,Clean
2024-01-04 08:00:20,514.6,556.4,32.8,69.2,11,564.1,544.9,NH3
2024-01-01 08:04:30,266.2,1654.4,29.6,66.8,11,229.9,221.0,Clean
2024-01-01 08:11:16,189.9,1444.3,26.7,64.6,10,191.1,209.4,Clean
2024-01-03 08:00:54,470.4,817.6,22.9,68.3,15,414.8,327.5,CO2
2024-01-01 08:05:28,232.9,1649.7,29.1,70.8,16,255.1,191.1,Clean
2024-01-01 08:00:56,211.5,1579.9,27.7,63.6,12,228.1,249.1,Clean
2024-01-01 08:21:26,121.4,1111.5,22.0,53.8,15,160.2,156.6,Clean
2024-01-01 08:06:26,395.2,2915.7,31.9,73.3,9,186.6,133.4,LPG
2024-01-01 08:22:12,154.9,1390.4,21.3,54.1,14,146.6,505.6,Clean
2024-01-02 08:00:20,578.1,1122.8,26.1,52.8,10,578.7,636.7,CO
2024-01-01 08:14:26,262.3,1655.5,22.3,56.6,9,239.7,252.9,Clean
2024-01-02 08:03:08,735.7,806.3,27.6,65.5,11,642.8,745.7,CO
2024-01-01 08:05:38,194.3,1666.9,30.3,73.4,9,191.8,387.1,Clean
2024-01-02 08:00:04,688.0,1069.8,28.6,65.9,13,625.5,720.3,CO
2024-01-01 08:04:40,236.6,1712.3,31.3,70.0,16,206.7,190.7,Clean
2024-01-01 08:05:46,212.7,1652.2,31.6,71.9,13,175.9,201.3,Clean
2024-01-01 08:00:12,477.6,2863.9,25.6,62.0,14,213.4,233.6,LPG
2024-01-02 08:00:28,630.3,911.9,29.3,56.1,8,740.4,547.8,CO
2024-01-01 08:18:54,156.5,1410.9,21.2,53.7,11,178.7,138.1,Clean
2024-01-03 08:01:38,340.4,367.8,24.8,68.6,15,338.0,369.0,CO2
2024-01-01 08:16:22,266.9,1654.8,21.6,50.6,19,215.6,605.3,Clean
2024-01-01 08:19:38,144.7,1318.3,20.8,52.3,9,163.0,155.3,Clean
2024-01-01 08:02:26,279.1,1659.4,28.3,67.3,9,239.4,232.6,Clean
2024-01-02 08:02:02,815.1,578.3,30.5,61.4,14,852.4,766.7,CO
2024-01-01 08:17:44,205.0,1338.5,21.5,50.0,12,189.2,198.1,Clean
2024-01-01 08:07:56,144.2,1301.6,29.2,68.3,18,172.7,141.2,Clean
2024-01-01 08:04:50,244.2,1632.4,31.1,66.8,9,197.4,220.7,Clean
2024-01-03 08:02:04,329.6,798.5,23.7,60.6,17,468.0,369.1,CO2
2024-01-01 08:07:48,202.3,1248.1,30.1,69.5,14,161.3,145.2,Clean
2024-01-01 08:07:20,213.9,1177.9,30.1,68.5,12,171.6,127.7,Clean
2024-01-01 08:07:08,165.5,1375.0,30.6,73.6,18,175.7,130.9,Clean
2024-01-02 08:01:10,550.8,1640.1,29.4,50.7,12,619.2,628.8,CO
2024-01-01 08:04:24,215.8,1658.6,30.6,70.8,8,200.7,238.4,Clean
2024-01-04 08:03:54,400.2,1475.4,31.6,63.8,8,598.6,407.5,NH3
2024-01-01 08:19:40,162.7,1264.9,20.8,52.7,10,191.9,134.8,Clean
2024-01-02 08:01:00,726.8,1324.2,27.3,55.1,9,743.9,714.1,CO
2024-01-01 08:06:10,209.7,1477.2,30.7,71.5,13,189.8,186.3,Clean
2024-01-01 08:01:22,236.3,1709.2,27.2,64.5,13,224.7,278.1,Clean
2024-01-01 08:03:36,252.7,1743.1,29.2,69.3,8,213.8,249.6,Clean
2024-01-01 08:22:30,149.7,1309.8,21.7,58.4,11,168.5,200.0,Clean
2024-01-01 08:17:32,178.9,1572.3,20.0,50.2,18,175.9,175.8,Clean
2024-01-02 08:02:36,689.8,1576.7,31.4,64.9,13,636.7,873.1,CO
2024-01-01 08:16:06,245.7,1804.0,21.3,52.9,11,215.5,204.0,Clean
2024-01-01 08:15:36,236.8,1839.3,21.8,53.8,8,245.7,215.5,Clean
2024-01-01 08:00:48,209.5,1673.9,26.6,62.5,8,235.4,261.1,Clean
2024-01-01 08:17:50,204.7,1401.3,20.4,50.1,15,192.4,170.1,Clean
2024-01-01 08:19:56,148.3,1182.4,19.8,50.2,18,129.5,151.1,Clean
2024-01-03 08:01:04,492.7,1321.8,24.4,59.5,10,485.6,445.5,CO2
2024-01-02 08:02:24,654.0,877.4,26.1,64.5,19,695.6,674.5,CO
2024-01-01 08:12:12,210.1,1637.0,23.9,59.1,14,206.4,195.5,Clean
2024-01-01 08:22:20,187.1,1319.4,22.7,56.5,18,186.3,173.2,Clean
2024-01-01 08:12:46,209.4,1605.8,24.5,55.8,19,228.9,265.8,Clean
2024-01-01 08:15:08,239.2,1723.6,20.5,51.7,18,235.6,226.0,Clean
2024-01-01 08:08:48,145.2,1201.1,28.0,66.1,8,143.0,161.6,Clean
2024-01-01 08:20:26,129.5,1360.9,21.1,48.2,9,151.1,121.4,Clean
2024-01-02 08:02:00,829.9,1218.3,31.4,57.5,12,739.0,576.8,CO
2024-01-01 08:14:48,223.7,1900.9,22.0,55.0,8,225.3,637.7,Clean
2024-01-01 08:13:10,219.7,1710.9,23.5,55.9,19,252.9,272.9,Clean
2024-01-01 08:05:52,203.5,1502.9,29.2,64.8,16,207.4,188.2,Clean
2024-01-01 08:00:36,197.3,1759.4,28.5,58.9,14,206.1,244.1,Clean
2024-01-01 08:19:00,174.8,1385.3,19.9,50.2,14,169.1,171.5,Clean
2024-01-01 08:21:44,148.6,1086.5,22.8,56.5,12,190.6,159.4,Clean
2024-01-01 08:02:02,240.1,1629.1,28.3,67.8,9,250.3,269.4,Clean
2024-01-01 08:09:04,173.3,1175.5,27.9,65.9,16,164.1,172.7,Clean
2024-01-04 08:01:30,522.4,1205.1,28.6,67.0,16,504.7,623.0,NH3
2024-01-01 08:09:16,151.9,1146.1,27.7,67.1,10,171.1,171.8,Clean
2024-01-04 08:00:24,656.5,1192.1,33.2,62.4,8,626.1,672.7,NH3
2024-01-01 08:12:16,209.4,1518.5,24.6,60.5,16,209.4,228.9,Clean
2024-01-01 08:23:34,224.7,1327.2,25.9,60.3,19,198.9,198.9,Clean
2024-01-01 08:21:54,155.3,1338.9,22.8,54.5,17,156.5,166.0,Clean
2024-01-03 08:03:44,378.8,1456.5,25.5,62.9,17,391.5,466.3,CO2
2024-01-01 08:18:14,189.2,1369.1,21.0,52.6,15,198.1,184.8,Clean
2024-01-01 08:23:20,173.2,1456.0,25.5,57.5,12,218.6,198.9,Clean
2024-01-02 08:01:08,546.6,553.7,28.1,59.3,11,558.9,516.6,CO
2024-01-01 08:15:12,247.5,1628.7,20.1,52.5,8,200.4,227.2,Clean
2024-01-01 08:13:06,264.3,1715.4,22.7,53.6,17,239.9,264.2,Clean
2024-01-04 08:00:08,415.2,220.7,35.0,68.0,12,478.4,486.1,NH3
2024-01-02 08:01:34,587.3,1322.2,25.5,67.9,15,718.7,548.5,CO
2024-01-01 08:12:30,198.0,1572.2,23.9,58.2,11,207.4,248.2,Clean
2024-01-01 08:13:44,209.0,1899.6,21.4,57.5,12,259.9,502.2,Clean
2024-01-01 08:02:28,195.7,1680.4,26.5,66.3,10,260.3,245.3,Clean
2024-01-04 08:01:22,489.8,985.9,28.1,60.1,16,597.5,691.8,NH3
2024-01-01 08:16:40,250.2,1571.3,20.9,48.6,16,235.7,220.8,Clean
2024-01-03 08:00:22,440.2,734.0,24.7,64.0,19,490.8,426.0,CO2
2024-01-01 08:03:48,241.8,1770.3,29.4,71.7,14,228.7,234.4,Clean
2024-01-01 08:13:54,244.5,1630.5,22.4,55.2,17,242.3,231.2,Clean
2024-01-01 08:02:58,260.3,1710.5,27.5,67.6,13,245.3,258.7,Clean
2024-01-04 08:02:28,689.5,1088.3,28.1,68.0,18,418.4,419.7,NH3
2024-01-04 08:00:52,552.7,669.9,31.2,64.9,10,483.1,458.6,NH3
2024-01-01 08:23:12,505.6,2038.8,23.2,56.9,8,191.1,198.9,LPG
2024-01-01 08:23:26,158.0,1333.3,23.1,56.8,15,191.9,198.9,Clean
2024-01-01 08:00:22,200.2,1459.5,25.4,60.4,19,198.9,236.3,Clean
2024-01-01 08:13:12,195.5,1919.0,25.7,60.6,8,216.7,226.6,Clean
2024-01-03 08:01:10,315.9,914.6,23.7,67.8,14,496.8,361.2,CO2
2024-01-03 08:02:10,326.1,265.2,24.2,51.6,16,347.4,476.4,CO2
2024-01-01 08:01:24,231.2,1957.0,28.0,62.0,14,235.8,246.9,Clean
2024-01-01 08:05:34,249.0,1530.4,30.4,72.6,19,176.6,188.2,Clean
2024-01-01 08:13:52,272.8,1869.3,22.6,49.6,16,206.7,257.2,Smoke
2024-01-01 08:19:12,174.8,1412.2,19.5,52.8,8,151.1,138.6,Clean
2024-01-03 08:03:10,312.8,1446.5,26.2,64.7,14,414.7,440.2,CO2
2024-01-01 08:14:12,226.6,1665.7,22.0,56.5,14,248.8,247.5,Clean
2024-01-01 08:18:08,492.8,2774.4,20.0,52.4,12,174.7,188.1,LPG
2024-01-04 08:01:24,480.7,886.1,30.5,50.3,14,486.0,485.8,NH3
2024-01-04 08:03:20,425.1,1324.9,30.9,55.1,14,602.9,555.1,NH3
2024-01-02 08:02:04,613.3,741.0,30.6,59.6,19,519.8,749.4,CO
2024-01-01 08:23:28,155.9,1317.8,25.3,58.9,16,198.9,198.9,Clean
2024-01-01 08:08:34,137.1,964.9,27.4,67.3,13,173.3,164.1,Clean
2024-01-01 08:11:10,176.3,1308.3,25.8,63.7,19,198.0,196.8,Clean
2024-01-01 08:00:30,201.7,1625.0,27.3,63.5,11,213.0,221.0,Clean
2024-01-02 08:00:02,627.6,1654.9,29.7,59.5,10,633.9,835.6,CO
2024-01-01 08:10:48,150.8,1308.3,26.4,63.4,8,171.2,194.8,Clean
2024-01-03 08:00:50,349.9,1323.7,23.9,63.2,19,350.7,441.8,CO2
2024-01-01 08:07:24,180.1,1363.1,30.9,66.5,14,161.6,194.8,Clean
2024-01-01 08:05:58,255.1,1422.2,28.6,71.7,19,191.1,252.6,Clean
2024-01-01 08:03:18,244.7,1902.7,28.6,65.5,11,241.8,228.7,Clean
2024-01-01 08:17:22,605.3,3053.8,21.1,49.2,13,185.6,186.7,LPG
2024-01-01 08:00:44,220.1,1550.0,25.7,65.7,18,190.9,225.9,Clean
2024-01-01 08:11:52,196.6,1326.0,23.4,61.7,16,219.9,229.2,Clean
2024-01-02 08:01:28,605.8,1376.5,25.2,59.4,19,886.3,603.6,CO
2024-01-04 08:00:42,543.9,1309.1,31.2,52.8,8,433.7,542.4,NH3
2024-01-02 08:02:46,897.8,881.7,24.8,52.2,9,876.4,514.7,CO
2024-01-01 08:11:20,166.8,1476.9,27.3,60.5,12,176.0,209.6,Clean
2024-01-01 08:14:22,206.7,1569.3,20.8,53.4,19,257.2,249.7,Clean
2024-01-01 08:21:00,116.2,1083.0,22.2,55.7,14,146.5,145.6,Clean
2024-01-03 08:03:40,365.2,313.1,23.1,66.4,14,436.1,343.5,CO2
2024-01-01 08:06:46,201.3,1311.4,29.5,70.2,19,159.3,146.9,Clean
2024-01-02 08:00:06,701.0,1648.4,24.1,69.6,16,754.3,561.3,CO
2024-01-01 08:03:06,243.4,1819.2,29.1,67.8,17,252.7,213.8,Clean
2024-01-02 08:00:46,559.7,1183.0,26.6,52.6,13,853.5,535.3,CO
2024-01-01 08:02:16,253.6,1771.3,27.5,66.9,16,239.3,249.6,Clean
2024-01-01 08:23:48,194.9,1457.1,27.0,57.4,14,198.9,198.9,Clean
2024-01-01 08:09:28,510.0,2750.0,30.3,68.3,16,169.0,190.4,LPG
2024-01-03 08:02:30,317.3,987.7,23.6,67.5,14,386.2,387.1,CO2
2024-01-01 08:14:28,278.3,1953.4,22.6,53.3,10,228.8,246.1,Smoke
2024-01-01 08:05:06,227.2,1562.1,28.9,70.4,17,205.3,206.8,Clean
2024-01-01 08:02:30,264.8,1895.2,28.3,65.1,11,251.9,256.3,Smoke
2024-01-02 08:03:52,761.2,394.3,29.4,69.8,10,500.4,668.7,CO
2024-01-01 08:19:20,174.1,1237.1,20.9,48.3,12,148.4,165.9,Clean
2024-01-01 08:14:52,257.2,1937.9,21.7,52.2,10,249.7,256.2,Smoke
2024-01-01 08:06:16,175.9,1521.4,31.9,74.9,16,201.3,159.3,Clean
2024-01-01 08:09:02,121.3,995.9,28.8,66.6,15,149.0,146.1,Clean
2024-01-01 08:07:52,430.3,2577.1,29.7,69.2,16,171.0,182.7,LPG
2024-01-01 08:16:14,711.2,2848.5,21.2,51.8,15,202.3,199.4,LPG
2024-01-04 08:02:50,502.5,958.3,31.5,70.0,11,623.1,637.8,NH3
2024-01-01 08:18:38,174.7,1367.6,19.5,52.8,15,188.1,144.7,Clean
2024-01-01 08:03:54,221.1,1667.1,29.4,69.8,17,215.8,200.7,Clean
2024-01-03 08:03:02,485.9,1450.7,22.3,62.2,18,389.7,447.8,CO2
2024-01-01 08:17:04,218.1,1628.7,21.1,49.4,16,211.6,208.2,Clean
2024-01-03 08:03:18,496.6,562.7,23.1,70.0,17,490.6,401.5,CO2
2024-01-01 08:22:36,185.9,1423.0,24.7,55.2,14,190.4,148.8,Clean
2024-01-01 08:04:12,220.6,1771.1,29.9,68.1,14,257.5,257.5,Clean
2024-01-01 08:03:52,244.2,1924.3,30.0,67.8,16,239.0,203.1,Clean
2024-01-01 08:15:46,273.1,1806.8,19.8,52.4,13,272.8,240.9,Smoke
2024-01-04 08:01:34,595.0,1212.0,29.4,59.7,9,462.0,645.3,NH3
2024-01-01 08:01:54,235.8,1727.1,28.2,65.2,17,246.9,256.5,Clean
2024-01-01 08:20:06,182.2,1279.4,21.0,51.0,11,160.6,141.6,Clean
2024-01-04 08:00:38,689.3,352.1,34.2,57.7,19,521.7,463.7,NH3
2024-01-01 08:03:30,256.3,1934.9,29.9,66.7,17,259.0,266.2,Smoke
2024-01-01 08:21:10,117.2,942.5,22.5,54.2,19,190.3,161.6,Clean
2024-01-01 08:12:18,192.8,1529.9,25.0,59.5,17,205.6,256.6,Clean
2024-01-01 08:08:56,141.2,1178.0,29.1,67.2,12,126.6,172.3,Clean
2024-01-01 08:01:32,226.8,1712.5,28.2,63.7,18,240.1,250.3,Clean
2024-01-01 08:11:38,186.6,1479.9,25.0,61.8,9,217.7,200.5,Clean
2024-01-01 08:06:30,194.5,1448.9,31.1,68.8,11,186.2,186.2,Clean
2024-01-01 08:03:24,242.0,2023.2,29.6,70.2,14,221.1,215.8,LPG
2024-01-03 08:03:42,451.2,594.2,24.1,62.9,17,359.9,350.1,CO2
2024-01-03 08:02:12,340.7,325.7,23.6,58.7,17,333.0,491.8,CO2
2024-01-02 08:02:18,796.9,1279.1,24.2,65.1,9,636.9,822.1,CO
2024-01-03 08:00:04,363.1,720.0,26.8,55.3,17,432.1,335.5,CO2
2024-01-01 08:08:46,360.2,2175.1,28.4,63.6,19,151.9,171.1,LPG
2024-01-03 08:03:22,443.5,1498.4,26.8,55.6,16,424.8,326.1,CO2
2024-01-01 08:14:46,247.9,1633.6,22.0,55.2,19,238.4,273.1,Clean
2024-01-02 08:01:46,846.5,724.0,25.2,68.6,18,866.6,651.9,CO
2024-01-01 08:10:08,158.3,1425.3,28.8,66.2,12,164.9,197.9,Clean
2024-01-01 08:11:22,189.0,1119.8,25.3,60.8,13,196.6,219.9,Clean
2024-01-01 08:22:58,183.9,1324.7,23.4,61.8,13,155.9,198.9,Clean
2024-01-01 08:10:26,180.0,1346.9,28.4,66.1,9,186.3,175.6,Clean
2024-01-01 08:04:58,231.5,1854.6,29.4,69.7,13,232.9,255.1,Clean
2024-01-01 08:04:08,253.1,1764.9,28.8,71.3,12,571.7,227.6,Clean
2024-01-03 08:01:52,394.8,1421.9,24.0,52.3,10,403.0,330.9,CO2
2024-01-03 08:03:12,377.4,385.7,22.2,55.5,12,319.7,311.1,CO2
2024-01-01 08:01:40,244.8,1800.8,26.5,64.6,10,272.5,244.9,Clean
2024-01-01 08:11:46,191.1,1337.7,24.2,59.3,13,209.4,209.4,Clean
2024-01-04 08:02:36,560.9,445.7,33.7,62.7,16,567.7,642.5,NH3
2024-01-01 08:04:44,198.5,1838.6,30.7,72.6,18,228.8,205.2,Clean
2024-01-01 08:15:40,739.7,2439.2,19.2,56.6,10,212.2,250.2,LPG
2024-01-01 08:21:46,132.2,1064.4,21.5,55.5,13,108.1,180.4,Clean
2024-01-01 08:13:18,256.6,1796.1,22.7,55.4,11,247.4,211.7,Clean
2024-01-01 08:23:54,201.3,1650.3,25.6,60.2,17,198.9,198.9,Clean
2024-01-01 08:10:40,170.1,1477.3,27.8,62.9,16,176.3,198.0,Clean
2024-01-01 08:00:38,188.1,1699.2,26.8,61.0,15,244.4,202.5,Clean
2024-01-04 08:01:32,694.1,338.1,28.7,67.8,14,677.0,531.4,NH3
2024-01-03 08:02:00,365.2,432.9,26.8,62.9,11,390.5,355.4,CO2
2024-01-03 08:02:40,326.7,1190.5,26.9,67.4,13,336.7,329.1,CO2
2024-01-01 08:13:34,234.1,1646.0,22.4,55.4,19,239.4,221.2,Clean
2024-01-01 08:17:54,194.3,1553.7,21.6,48.9,17,212.3,156.5,Clean
2024-01-01 08:23:44,183.0,1549.4,26.2,63.4,12,198.9,198.9,Clean
2024-01-01 08:01:16,204.3,1599.1,28.9,62.8,10,252.2,253.6,Clean
2024-01-01 08:05:50,220.7,1589.7,29.3,69.6,15,182.2,159.9,Clean
2024-01-01 08:08:10,147.9,1371.4,29.6,65.1,13,132.2,159.5,Clean
2024-01-03 08:03:28,460.4,307.3,23.7,63.9,9,354.3,480.9,CO2
2024-01-02 08:01:30,701.4,1691.7,26.6,58.2,18,582.3,521.1,CO
2024-01-04 08:03:58,675.3,353.4,31.2,67.8,17,662.1,468.2,NH3
2024-01-04 08:00:36,688.7,786.7,33.1,51.2,14,507.9,683.3,NH3
2024-01-01 08:05:08,227.6,1627.2,30.9,64.7,18,194.3,191.8,Clean
2024-01-01 08:21:16,124.8,1055.7,21.4,54.9,10,132.2,108.1,Clean
2024-01-01 08:22:04,157.4,1463.9,22.8,53.3,10,201.6,155.7,Clean
2024-01-01 08:09:34,164.1,1277.2,27.3,64.0,19,172.7,160.0,Clean
2024-01-01 08:20:50,139.9,1052.3,22.7,52.2,9,144.2,156.2,Clean
2024-01-01 08:22:50,186.3,1256.4,25.0,55.6,9,173.2,218.6,Clean
2024-01-01 08:23:06,190.4,1584.8,23.5,56.6,17,148.8,198.9,Clean
2024-01-01 08:18:58,168.1,1135.7,20.3,51.3,13,168.4,475.4,Clean
2024-01-03 08:00:18,473.0,745.1,27.0,56.3,17,386.4,316.8,CO2
2024-01-01 08:00:34,220.9,1686.1,23.8,62.4,13,226.3,257.7,Clean
2024-01-01 08:04:14,228.5,1984.6,29.6,68.0,15,198.5,228.8,Clean
2024-01-01 08:10:44,153.2,1425.0,23.7,62.8,18,174.4,210.6,Clean
2024-01-01 08:08:30,141.9,1020.8,29.6,73.0,11,178.8,112.8,Clean
2024-01-02 08:01:04,744.2,1030.6,31.3,53.4,9,654.7,578.6,CO
2024-01-04 08:03:26,575.5,349.7,28.1,60.1,13,435.0,489.2,NH3
2024-01-01 08:06:20,182.2,1415.8,31.0,72.9,18,159.9,213.9,Clean
2024-01-01 08:03:50,251.3,1795.0,29.7,66.4,15,207.2,244.2,Clean
2024-01-04 08:03:16,463.9,698.4,33.1,60.8,9,582.4,625.7,NH3
2024-01-01 08:23:36,148.8,1420.6,24.4,58.8,8,198.9,198.9,Clean
2024-01-01 08:20:12,138.6,1130.2,20.0,47.6,14,159.9,166.8,Clean
2024-01-01 08:06:00,462.5,2744.6,29.7,73.1,8,194.5,186.2,LPG
2024-01-01 08:10:02,146.1,1186.6,27.0,62.3,9,179.2,158.2,Clean
2024-01-03 08:00:52,368.7,794.0,25.9,62.2,17,479.0,481.2,CO2
2024-01-04 08:02:22,454.9,958.5,29.9,52.5,12,677.6,575.7,NH3
2024-01-02 08:03:34,871.2,658.0,29.0,55.3,10,670.8,547.7,CO
2024-01-02 08:02:06,834.9,614.4,30.4,67.2,9,602.8,741.0,CO
2024-01-02 08:01:18,862.2,1246.1,24.7,57.9,10,693.5,674.2,CO
2024-01-01 08:17:14,199.4,1558.4,19.3,49.4,9,205.0,189.2,Clean
2024-01-01 08:12:24,239.9,1637.8,24.0,61.3,8,260.6,233.9,Clean
2024-01-01 08:01:30,221.0,1642.0,27.1,63.8,17,233.8,264.8,Clean
2024-01-01 08:15:52,256.2,1766.1,21.3,51.1,16,266.9,215.6,Clean
2024-01-01 08:05:14,228.8,1638.5,31.4,73.7,9,205.2,192.2,Clean
2024-01-03 08:00:20,420.2,1111.4,23.4,51.2,9,306.6,454.0,CO2
2024-01-01 08:05:42,191.3,1596.4,29.5,72.0,11,466.7,193.1,Clean
2024-01-01 08:00:32,193.5,1608.4,25.6,62.1,12,262.8,226.8,Clean
2024-01-01 08:17:02,222.7,1505.2,17.7,51.0,15,178.9,175.9,Clean
2024-01-01 08:01:36,244.1,1660.5,27.2,60.8,8,220.7,250.8,Clean
2024-01-01 08:06:22,207.4,1463.3,30.1,71.0,19,188.2,129.6,Clean
2024-01-03 08:03:56,360.0,1253.9,26.0,50.8,17,334.8,391.3,CO2
2024-01-01 08:17:10,235.7,1787.3,17.6,50.4,19,220.8,179.0,Clean
2024-01-02 08:02:40,510.3,1271.6,30.3,54.7,17,839.4,700.9,CO
2024-01-02 08:02:08,717.2,396.8,26.6,52.1,11,686.0,695.9,CO
2024-01-01 08:16:00,240.4,1770.6,19.3,49.0,8,245.7,229.9,Clean
2024-01-01 08:09:26,126.6,1143.5,26.6,65.5,15,172.3,180.0,Clean
2024-01-02 08:03:22,772.2,1123.3,30.3,61.2,17,799.4,595.9,CO
2024-01-02 08:00:58,590.7,681.7,25.7,51.1,19,522.3,782.6,CO
2024-01-01 08:07:30,186.2,1179.7,29.7,70.6,17,140.7,141.9,Clean
2024-01-01 08:00:52,198.9,1650.4,23.9,63.4,10,236.3,224.7,Clean
2024-01-03 08:01:44,435.3,813.1,25.6,52.1,14,314.2,462.7,CO2
2024-01-01 08:14:34,221.2,2018.3,21.7,58.1,13,230.2,262.8,LPG
2024-01-04 08:03:04,629.7,789.6,30.5,69.1,13,485.6,582.2,NH3
2024-01-01 08:12:08,217.7,1561.8,26.3,57.9,12,200.5,251.9,Clean
2024-01-01 08:07:38,175.7,1296.8,30.3,69.3,9,130.9,166.4,Clean
2024-01-01 08:01:14,190.9,1699.2,25.7,63.1,9,225.9,266.1,Clean
2024-01-01 08:22:18,634.1,1995.1,22.5,57.2,17,146.8,179.2,Smoke
2024-01-04 08:03:28,479.9,964.6,28.6,51.2,14,596.8,604.5,NH3
2024-01-01 08:12:28,255.6,1648.5,24.0,59.8,10,213.1,226.1,Clean
2024-01-01 08:15:38,235.6,1685.7,22.7,47.9,9,226.0,204.7,Clean
2024-01-04 08:03:30,409.4,1067.1,31.9,68.3,15,502.3,462.3,NH3
2024-01-01 08:22:54,166.0,1491.0,24.9,57.2,11,171.3,201.3,Clean
2024-01-04 08:00:18,437.6,325.6,31.5,66.7,8,638.9,584.9,NH3
2024-01-04 08:00:06,490.7,332.5,30.8,56.8,14,507.0,615.7,NH3
2024-01-02 08:03:40,769.0,553.6,30.9,56.5,9,710.0,833.7,CO
2024-01-01 08:06:28,191.1,1416.5,30.3,69.6,10,252.6,155.6,Clean
2024-01-04 08:00:28,589.3,700.6,32.7,67.0,17,562.0,630.7,NH3
2024-01-04 08:00:48,523.8,449.2,32.5,51.7,11,651.0,669.9,NH3
2024-01-01 08:16:46,240.9,1719.0,18.4,49.7,19,220.1,181.2,Clean
2024-01-04 08:03:32,435.8,460.9,34.2,62.3,14,624.3,639.7,NH3
2024-01-03 08:03:34,336.1,863.6,22.6,69.5,12,369.9,443.9,CO2
2024-01-01 08:19:18,190.9,1340.1,19.9,49.8,11,179.9,183.0,Clean
2024-01-01 08:05:20,197.4,1854.2,30.2,70.3,12,220.7,182.2,Clean
2024-01-01 08:22:40,182.9,1206.3,21.2,53.0,16,173.4,196.4,Clean
2024-01-04 08:01:44,669.7,1340.5,34.4,61.2,11,589.2,536.9,NH3
2024-01-01 08:05:24,238.4,1542.6,30.4,70.6,14,231.5,193.7,Clean
2024-01-01 08:23:30,200.0,1230.7,25.3,57.9,17,198.9,198.9,Clean
2024-01-02 08:02:44,708.2,746.7,31.3,68.4,10,817.6,794.9,CO
2024-01-01 08:05:04,209.7,1501.9,32.3,72.7,16,249.0,176.6,Clean
2024-01-04 08:00:22,408.5,616.1,29.4,65.5,18,595.0,517.1,NH3
2024-01-02 08:02:38,502.9,385.3,31.0,64.2,12,673.5,869.1,CO
2024-01-04 08:02:04,606.8,1150.3,31.4,56.3,16,618.9,478.9,NH3
2024-01-01 08:03:42,246.1,1687.9,30.2,68.9,11,220.6,257.5,Clean
2024-01-01 08:07:32,165.1,1130.5,30.7,68.3,18,153.8,176.7,Clean
2024-01-02 08:02:12,750.1,656.4,25.1,60.3,10,797.6,633.8,CO
2024-01-01 08:03:26,232.6,1755.9,30.5,66.8,15,266.9,245.9,Clean
2024-01-01 08:14:02,279.1,1901.4,23.1,54.3,9,281.2,269.1,Smoke
2024-01-01 08:13:58,244.5,1828.8,21.2,51.8,19,278.3,228.8,Clean
2024-01-04 08:02:08,464.7,1063.2,33.5,67.4,11,424.0,456.9,NH3
2024-01-01 08:19:32,154.4,1284.1,19.4,51.4,18,137.5,153.5,Clean
2024-01-03 08:01:40,481.8,587.2,26.3,67.4,8,404.2,378.1,CO2
2024-01-01 08:22:24,156.5,1481.7,23.3,57.3,8,166.0,171.3,Clean
2024-01-01 08:03:58,258.7,1740.6,30.2,69.1,19,217.5,231.5,Clean
2024-01-01 08:01:46,252.2,1837.1,26.5,66.8,13,253.6,239.3,Smoke
2024-01-01 08:05:02,231.0,1564.7,29.5,70.9,15,228.3,181.8,Clean
2024-01-01 08:13:26,479.5,2299.7,23.4,55.0,15,266.3,262.3,LPG
2024-01-04 08:03:44,556.3,1109.2,34.4,61.6,11,647.7,615.9,NH3
2024-01-01 08:06:54,569.4,2807.1,28.3,72.8,11,180.1,161.6,LPG
2024-01-01 08:21:56,160.2,1176.8,22.8,51.4,18,156.6,188.4,Clean
2024-01-04 08:00:04,454.5,781.8,28.2,67.3,10,655.6,501.9,NH3
2024-01-03 08:03:32,473.9,771.4,24.7,66.7,16,332.5,418.8,CO2
2024-01-01 08:00:16,197.6,1487.8,25.5,59.9,16,191.1,204.3,Clean
2024-01-03 08:02:38,465.9,213.7,23.5,63.0,19,368.3,449.3,CO2
2024-01-01 08:01:12,233.6,1725.9,27.3,62.7,8,231.2,244.3,Clean
2024-01-01 08:15:04,230.2,1810.1,22.2,50.6,16,262.8,210.0,Clean
2024-01-01 08:21:42,176.1,1392.8,21.6,52.9,11,154.9,146.6,Clean
2024-01-01 08:08:26,172.7,1147.3,29.0,65.0,9,141.2,126.6,Clean
2024-01-01 08:10:06,170.5,1463.8,26.3,63.3,11,173.3,164.1,Clean
2024-01-03 08:00:24,357.0,856.0,24.7,50.2,11,342.0,497.7,CO2
2024-01-01 08:19:02,207.2,1591.2,21.0,52.8,15,154.4,137.5,Clean
2024-01-01 08:20:46,177.2,1320.8,22.4,51.8,19,124.8,132.2,Clean
2024-01-02 08:03:00,861.1,1103.4,26.4,64.8,19,660.8,694.0,CO
2024-01-02 08:03:24,566.4,742.5,30.4,55.6,8,693.0,578.0,CO
2024-01-04 08:01:14,677.5,1414.9,31.5,50.4,19,582.3,557.4,NH3
2024-01-01 08:08:44,85.6,1106.0,29.8,65.9,18,138.4,475.2,Clean
2024-01-01 08:20:20,165.9,1369.7,21.5,49.8,18,139.9,144.2,Clean
2024-01-01 08:09:54,161.8,1185.3,27.1,66.4,17,179.6,188.9,Clean
2024-01-01 08:13:48,247.4,1720.0,22.3,55.9,14,211.7,223.7,Clean
2024-01-01 08:05:00,229.9,1631.4,30.0,67.5,14,221.0,462.5,Clean
2024-01-03 08:01:56,423.3,1484.6,23.2,66.7,12,321.4,305.8,CO2
2024-01-02 08:01:56,508.4,789.8,24.1,55.2,14,880.8,804.9,CO
2024-01-01 08:21:20,144.2,1203.9,22.1,52.1,12,156.2,187.1,Clean
2024-01-04 08:01:40,436.5,473.6,32.5,56.8,19,427.3,684.4,NH3
2024-01-01 08:18:20,192.4,1553.1,19.9,49.0,18,170.1,174.1,Clean
2024-01-03 08:02:02,393.7,1358.5,23.2,59.2,15,446.7,389.9,CO2
2024-01-01 08:16:16,272.8,1593.9,20.5,52.6,16,240.9,220.1,Clean
2024-01-01 08:23:40,196.4,1483.7,25.2,57.5,10,198.9,198.9,Clean
2024-01-01 08:04:54,200.7,1695.9,30.6,67.4,11,238.4,231.5,Clean
2024-01-01 08:04:52,203.1,1695.5,30.4,68.5,10,231.8,203.5,Clean
2024-01-02 08:03:28,776.3,1431.8,28.8,67.7,13,886.9,807.5,CO
2024-01-01 08:11:30,669.8,2395.8,26.4,61.7,17,210.8,198.0,LPG
2024-01-03 08:00:10,319.9,1349.6,23.3,67.2,9,399.4,315.4,CO2
2024-01-04 08:01:28,657.4,1471.8,29.8,62.0,19,483.8,503.7,NH3
2024-01-01 08:21:58,153.8,1422.6,22.5,55.4,19,136.5,183.9,Clean
2024-01-02 08:01:40,678.2,478.6,29.1,52.7,8,713.8,725.8,CO
2024-01-01 08:11:36,175.6,1393.3,24.1,61.5,8,211.1,259.7,Clean
2024-01-01 08:15:26,252.9,1634.5,21.8,49.4,15,305.4,218.9,Clean
2024-01-01 08:10:50,147.4,1418.2,27.2,61.3,9,166.8,176.0,Clean
2024-01-01 08:06:12,466.7,1996.6,30.9,71.0,14,193.1,154.9,NH3
2024-01-01 08:04:06,213.8,1789.4,29.6,68.7,11,249.6,227.2,Clean
2024-01-04 08:00:26,507.6,1242.9,35.0,62.1,8,586.6,408.7,NH3
2024-01-01 08:20:16,117.8,1099.2,20.1,52.3,16,177.2,124.8,Clean
2024-01-01 08:04:46,233.6,1859.3,29.4,68.0,19,194.7,212.7,Clean
2024-01-02 08:01:02,640.6,821.0,26.9,60.6,10,596.3,754.1,CO
2024-01-04 08:03:18,582.3,1288.3,31.5,62.6,9,521.0,405.3,NH3
2024-01-01 08:06:34,188.2,1429.6,29.3,68.1,13,192.4,141.7,Clean
2024-01-01 08:20:18,183.0,1278.4,21.5,53.4,17,182.1,124.8,Clean
2024-01-01 08:09:18,143.0,1261.3,29.0,67.9,11,161.6,157.3,Clean
2024-01-01 08:09:46,171.1,1155.8,28.5,64.8,13,171.8,212.1,Clean
2024-01-03 08:03:36,489.5,536.4,23.4,69.5,18,363.1,423.7,CO2
2024-01-01 08:13:20,200.6,1805.6,22.2,58.3,12,226.3,223.5,Clean
2024-01-01 08:04:04,594.6,3141.4,29.2,67.4,10,227.5,209.7,LPG
2024-01-01 08:06:06,206.8,1610.8,28.7,68.9,11,185.5,185.6,Clean
2024-01-01 08:06:44,202.7,1399.6,30.1,71.2,18,165.0,161.3,Clean
2024-01-01 08:14:36,454.0,3126.8,22.2,53.3,14,260.0,236.8,LPG
2024-01-02 08:03:50,665.5,1125.5,30.6,51.4,14,582.4,605.0,CO
2024-01-01 08:08:12,144.7,1157.6,29.2,66.4,14,149.4,154.3,Clean
2024-01-01 08:13:50,226.3,1843.9,22.2,54.6,15,223.5,263.2,Clean
2024-01-03 08:01:32,424.7,1315.2,24.9,55.2,16,344.6,306.9,CO2
2024-01-03 08:01:06,375.4,824.7,26.0,56.7,11,333.1,457.3,CO2
2024-01-04 08:02:14,562.6,571.9,32.8,57.7,17,469.8,459.4,NH3
2024-01-03 08:01:14,486.5,1341.1,23.2,62.6,12,311.1,312.6,CO2
2024-01-04 08:01:36,622.6,421.7,35.0,64.6,13,662.2,564.8,NH3
2024-01-01 08:04:18,228.7,1679.5,27.8,70.2,17,234.4,230.9,Clean
2024-01-01 08:21:14,151.9,1242.0,21.6,56.1,9,148.6,190.6,Clean
2024-01-01 08:13:24,233.9,1766.8,23.4,56.3,14,244.5,242.3,Clean
2024-01-03 08:01:48,336.8,416.0,22.5,66.2,12,367.1,349.8,CO2
2024-01-03 08:01:20,416.3,925.0,23.3,54.7,18,351.8,372.2,CO2
2024-01-02 08:00:30,657.7,1178.8,30.5,56.5,9,778.4,631.1,CO
2024-01-04 08:02:20,682.3,1392.2,28.7,51.9,19,466.1,528.7,NH3
2024-01-01 08:07:18,170.0,1253.6,29.8,73.5,11,202.3,161.3,Clean
2024-01-01 08:21:22,184.5,1264.4,20.0,55.8,13,155.7,121.3,Clean
2024-01-01 08:00:02,198.1,1334.2,24.0,59.5,9,193.5,262.8,Clean
2024-01-03 08:00:36,363.6,1472.7,25.0,66.2,10,396.7,456.3,CO2
2024-01-03 08:02:34,482.6,235.2,23.6,59.3,15,328.1,339.9,CO2
2024-01-01 08:02:40,244.9,1889.4,28.1,63.8,16,220.5,208.6,Clean
2024-01-01 08:20:48,182.1,1296.2,21.8,48.6,8,124.8,206.1,Clean
2024-01-03 08:03:52,345.7,1382.5,26.9,68.2,10,496.0,427.4,CO2
2024-01-03 08:00:56,411.8,701.9,23.9,53.1,12,370.2,310.9,CO2
2024-01-01 08:12:52,229.2,1695.3,24.6,60.9,10,221.2,272.8,Clean
2024-01-04 08:03:36,680.3,453.5,30.3,62.1,16,535.7,524.6,NH3
2024-01-02 08:02:52,545.4,427.8,24.4,55.5,14,822.0,868.2,CO
2024-01-01 08:16:58,208.6,1872.4,19.8,48.2,13,197.9,188.7,Clean
2024-01-01 08:08:54,121.4,1288.1,27.1,65.6,11,182.9,161.8,Clean
2024-01-03 08:03:04,341.0,861.6,25.0,66.7,19,397.8,305.8,CO2
2024-01-01 08:14:42,248.8,2025.9,20.8,52.2,17,247.5,200.4,LPG
2024-01-01 08:16:32,705.2,2315.6,20.6,50.9,12,222.7,178.9,LPG
2024-01-02 08:03:38,614.4,530.5,26.5,67.2,14,859.2,521.1,CO
2024-01-01 08:03:44,247.5,1677.4,27.3,66.7,12,228.5,198.5,Clean
2024-01-01 08:23:02,199.7,1414.6,22.3,53.1,15,163.1,198.9,Clean
2024-01-01 08:07:44,161.3,1137.4,28.8,72.8,12,140.8,85.6,Clean
2024-01-04 08:00:58,466.2,959.7,29.1,69.9,15,471.5,417.1,NH3
2024-01-01 08:20:14,442.5,1859.3,22.6,51.7,15,188.0,151.9,Smoke
2024-01-01 08:22:22,121.3,1209.1,23.6,56.3,19,167.9,205.5,Clean
2024-01-01 08:12:26,230.9,1575.3,25.4,61.9,9,242.9,479.5,Clean
2024-01-02 08:03:32,518.8,714.0,29.2,67.3,17,882.9,730.7,CO
2024-01-01 08:22:06,147.6,1190.5,22.4,56.2,11,185.9,190.4,Clean
2024-01-04 08:00:02,537.6,302.8,28.7,51.0,13,610.7,531.3,NH3
2024-01-01 08:07:46,146.9,1403.8,30.7,70.7,13,188.8,360.2,Clean
2024-01-02 08:03:16,893.6,685.8,31.5,50.8,12,718.3,530.0,CO
2024-01-03 08:01:50,451.3,632.5,24.3,65.4,15,414.9,482.0,CO2
2024-01-01 08:22:32,143.7,1160.5,23.3,58.0,12,199.7,163.1,Clean
2024-01-01 08:10:34,160.0,1150.7,26.7,63.8,13,178.4,161.0,Clean
2024-01-01 08:21:36,148.1,1171.8,21.2,52.2,8,147.6,185.9,Clean
2024-01-01 08:13:40,252.9,1763.9,23.3,54.8,10,272.9,257.0,Clean
2024-01-04 08:01:58,411.1,439.8,29.8,58.5,12,687.9,609.2,NH3
2024-01-01 08:23:38,225.2,1420.2,23.5,58.3,9,198.9,198.9,Clean
2024-01-01 08:11:56,205.1,1642.2,24.7,57.6,18,230.9,242.9,Clean
2024-01-01 08:08:36,159.9,1047.8,28.1,66.6,14,150.3,158.2,Clean
2024-01-02 08:00:48,814.4,1335.6,24.5,69.6,10,637.2,810.7,CO
2024-01-01 08:20:54,147.5,1293.6,22.3,52.7,11,146.1,155.3,Clean
2024-01-01 08:21:04,146.9,1254.5,21.9,51.5,16,151.3,157.4,Clean
2024-01-01 08:09:24,182.9,1213.0,31.6,65.0,14,161.8,179.6,Clean
2024-01-01 08:12:32,231.7,1593.2,23.3,57.7,12,236.0,215.0,Clean
2024-01-01 08:12:48,205.6,1735.4,25.2,56.6,8,256.6,247.4,Clean
2024-01-01 08:07:28,155.6,1475.1,28.9,67.7,16,174.0,121.5,Clean
2024-01-04 08:03:12,561.0,462.7,29.5,67.0,13,664.4,478.3,NH3
2024-01-03 08:02:52,487.6,1353.7,25.4,55.1,18,477.4,370.3,CO2
2024-01-01 08:15:44,215.8,1716.7,20.7,50.6,12,711.2,202.3,Clean
2024-01-01 08:11:34,161.0,1551.1,25.2,59.5,19,200.0,218.7,Clean
2024-01-01 08:16:50,218.4,1656.1,18.9,52.3,9,183.1,204.7,Clean
2024-01-01 08:21:18,124.8,1222.8,21.5,55.8,11,206.1,634.1,Clean
2024-01-04 08:03:50,478.2,892.7,34.2,52.1,19,677.7,514.7,NH3
2024-01-02 08:02:34,577.7,744.2,28.4,51.5,8,824.7,638.8,CO
2024-01-01 08:11:18,171.2,1357.7,27.2,61.1,11,194.8,192.8,Clean
2024-01-01 08:18:30,178.2,1432.6,20.2,49.4,11,174.8,169.1,Clean
2024-01-01 08:20:38,155.3,1221.7,21.1,47.5,15,129.9,166.9,Clean
2024-01-04 08:03:14,658.0,343.1,29.5,68.1,19,578.1,662.7,NH3
2024-01-03 08:02:28,477.0,808.0,23.8,52.9,14,334.4,426.4,CO2
2024-01-01 08:21:30,146.5,1195.6,19.5,52.5,17,145.6,149.7,Clean
2024-01-04 08:00:10,540.5,1001.0,29.2,68.8,14,684.0,475.0,NH3
2024-01-01 08:18:32,175.8,1645.4,20.2,49.8,12,207.2,154.4,Clean
2024-01-01 08:22:42,146.6,1368.7,23.7,58.6,17,505.6,191.1,Clean
2024-01-01 08:19:14,184.8,1287.1,21.7,51.6,9,169.7,442.5,Clean
2024-01-02 08:02:30,853.4,482.7,28.8,56.2,16,727.6,610.7,CO
2024-01-01 08:02:50,239.8,1768.0,30.6,65.8,9,220.9,251.3,Clean
2024-01-01 08:08:04,165.8,1253.9,30.2,66.9,10,137.1,173.3,Clean
2024-01-01 08:23:16,200.5,1545.2,25.7,56.2,10,202.7,198.9,Clean
2024-01-04 08:01:08,590.6,272.1,30.3,57.4,11,443.6,526.8,NH3
2024-01-01 08:05:18,230.9,1725.3,29.3,72.4,11,210.6,161.7,Clean
2024-01-01 08:17:28,197.9,1514.1,20.4,49.2,16,188.7,194.0,Clean
2024-01-01 08:01:10,204.3,1935.5,25.7,62.9,19,244.8,272.5,Clean
2024-01-01 08:18:00,216.1,1551.9,19.3,49.6,8,178.2,174.8,Clean
2024-01-01 08:05:40,190.7,1632.9,29.9,69.4,10,209.7,189.8,Clean
2024-01-01 08:21:48,206.1,1375.0,22.5,54.6,14,634.1,146.8,Clean
2024-01-04 08:01:42,589.9,1096.5,29.0,53.9,18,656.4,420.8,NH3
2024-01-04 08:00:34,491.9,575.9,28.1,60.2,15,589.0,565.2,NH3
2024-01-04 08:00:12,655.9,1449.1,32.7,63.4,9,617.9,506.9,NH3
2024-01-01 08:16:08,226.0,1751.6,21.3,49.3,12,204.7,209.8,Clean
2024-01-02 08:00:26,895.1,1394.3,29.7,62.2,9,757.1,859.0,CO
2024-01-03 08:01:58,308.1,830.8,26.8,61.5,15,384.7,428.7,CO2
2024-01-01 08:03:10,220.5,1650.2,28.4,68.9,19,208.6,284.7,Clean
2024-01-01 08:18:46,173.3,1474.7,19.3,49.7,19,139.1,166.3,Clean
2024-01-01 08:08:00,140.7,1303.6,30.4,70.9,8,141.9,178.8,Clean
2024-01-02 08:00:44,858.0,985.8,29.1,67.3,15,543.9,847.9,CO
2024-01-03 08:00:46,422.1,956.7,27.0,69.7,17,341.6,383.8,CO2
2024-01-01 08:19:08,188.1,1337.0,17.9,50.3,18,144.7,163.0,Clean
2024-01-01 08:23:00,168.5,1487.2,24.4,55.6,14,200.0,198.9,Clean
2024-01-01 08:15:20,288.4,1812.8,20.3,50.4,12,240.1,237.8,Smoke
2024-01-03 08:01:42,452.1,1214.1,24.9,64.2,12,393.8,478.2,CO2
2024-01-01 08:18:26,193.2,1397.0,20.4,49.4,9,138.5,210.8,Clean
2024-01-03 08:00:34,356.4,678.7,24.5,56.1,8,309.6,342.6,CO2
2024-01-04 08:01:16,509.8,1143.9,28.8,62.6,19,695.0,595.6,NH3
2024-01-01 08:06:52,188.2,1311.2,30.1,71.5,10,129.6,430.3,Clean
2024-01-01 08:13:04,200.5,1748.4,23.7,58.1,16,234.1,239.4,Clean
2024-01-02 08:02:28,881.0,1018.4,24.7,64.1,13,863.8,675.1,CO
2024-01-03 08:01:00,319.9,1106.3,24.2,61.4,8,398.7,328.7,CO2
2024-01-01 08:13:14,257.6,1677.1,25.3,57.1,9,209.0,259.9,Clean
2024-01-02 08:01:32,527.2,315.5,24.4,66.4,13,796.6,790.4,CO
2024-01-04 08:00:14,680.1,1373.7,29.2,63.3,13,465.9,453.2,NH3
2024-01-01 08:07:14,165.0,1389.0,30.6,70.8,9,161.3,140.8,Clean
2024-01-01 08:00:08,198.8,1538.0,24.6,60.0,12,188.1,244.4,Clean
2024-01-02 08:01:36,874.2,1100.5,31.7,67.1,17,853.8,621.1,CO
2024-01-01 08:21:24,146.1,1219.5,23.2,56.7,14,155.3,156.5,Clean
2024-01-04 08:01:56,556.1,561.5,31.7,51.5,16,541.5,580.6,NH3
2024-01-03 08:03:24,495.3,271.5,22.4,68.6,18,394.8,358.2,CO2
2024-01-01 08:20:24,157.8,1192.0,20.6,53.1,8,147.5,146.1,Clean
2024-01-02 08:00:36,687.8,754.9,24.2,67.2,8,581.6,657.5,CO
2024-01-01 08:18:12,205.7,1453.6,20.9,50.9,14,223.0,174.8,Clean
2024-01-02 08:00:10,626.0,986.6,28.8,68.7,19,559.4,740.1,CO
2024-01-04 08:03:46,600.8,345.6,32.7,69.0,9,418.0,507.7,NH3
2024-01-01 08:22:46,180.4,1395.3,24.2,59.6,19,200.5,202.7,Clean
2024-01-01 08:03:16,249.6,1805.2,27.9,69.2,10,295.2,241.3,Clean
2024-01-02 08:02:48,580.7,1571.2,30.8,54.7,13,749.3,689.9,CO
2024-01-02 08:00:14,866.3,371.4,30.9,59.4,13,825.8,807.9,CO
2024-01-01 08:19:06,167.8,1417.0,19.2,52.6,17,179.0,182.2,Clean
2024-01-01 08:13:32,215.0,1748.1,24.0,55.0,18,279.1,281.2,Clean
2024-01-01 08:16:44,202.3,1745.2,19.3,51.3,18,199.4,205.0,Clean
2024-01-01 08:01:34,257.7,1896.7,25.6,65.3,19,222.1,242.8,Smoke
2024-01-01 08:01:04,226.3,1561.6,25.4,59.2,16,257.7,222.1,Clean
2024-01-03 08:02:58,440.2,999.6,22.4,57.7,10,471.4,415.6,CO2
2024-01-02 08:01:58,827.8,641.3,28.2,50.0,19,795.2,736.7,CO
2024-01-02 08:03:58,895.4,1312.3,28.6,60.8,18,596.9,731.0,CO
2024-01-01 08:06:40,189.8,1503.4,29.3,67.8,16,186.3,146.9,Clean
2024-01-01 08:04:28,217.5,1857.2,28.6,69.1,10,231.5,232.9,Clean
2024-01-01 08:00:54,230.2,1560.8,24.5,64.1,11,231.2,235.8,Clean
2024-01-04 08:01:20,610.7,1380.9,29.7,61.3,8,410.8,630.2,NH3
2024-01-01 08:07:40,146.9,1245.0,27.8,70.8,10,147.9,132.2,Clean
2024-01-01 08:16:18,256.1,1905.8,22.6,52.8,17,215.9,232.4,Smoke
2024-01-02 08:01:44,599.0,796.1,26.9,50.9,17,566.5,566.5,CO
2024-01-01 08:12:36,259.7,1687.0,24.5,58.5,14,264.3,239.9,Clean
2024-01-01 08:09:36,158.2,1320.3,28.7,65.1,8,170.5,173.3,Clean
2024-01-01 08:13:56,266.3,1815.8,22.2,55.7,18,262.3,239.7,Smoke
2024-01-01 08:22:28,136.5,1251.1,24.5,53.8,10,183.9,155.9,Clean
2024-01-01 08:13:02,236.0,1678.7,24.0,55.9,15,215.0,279.1,Clean
2024-01-01 08:19:44,169.7,1400.0,19.5,53.7,12,442.5,188.0,Clean
2024-01-01 08:16:36,215.5,1614.5,21.5,49.0,14,204.0,215.0,Clean
2024-01-01 08:04:36,249.6,1644.8,29.9,69.6,14,227.2,205.3,Clean
2024-01-01 08:02:04,222.1,1803.1,27.4,60.1,10,242.8,235.9,Clean
2024-01-01 08:15:42,200.4,1645.4,21.0,54.3,11,227.2,269.2,Clean
2024-01-01 08:21:34,151.3,1121.2,21.9,59.5,19,157.4,201.6,Clean
2024-01-01 08:04:16,241.3,1672.1,29.3,66.5,16,233.6,194.7,Clean
2024-01-04 08:03:40,620.5,1006.7,30.7,60.5,18,591.0,485.2,NH3
2024-01-01 08:17:20,183.1,1561.1,19.5,50.0,12,204.7,192.4,Clean
2024-01-02 08:03:56,508.9,548.3,27.2,52.7,9,890.9,679.6,CO
2024-01-04 08:03:22,592.9,983.7,29.2,66.0,17,457.0,558.9,NH3
2024-01-01 08:02:08,261.2,1825.8,28.1,67.6,12,209.3,601.6,Smoke
2024-01-02 08:03:04,680.5,343.3,25.4,66.3,17,680.1,889.0,CO
2024-01-01 08:00:28,177.6,1675.6,25.6,62.1,10,218.4,205.2,Clean
2024-01-01 08:05:12,257.5,1569.2,30.1,71.3,8,191.3,466.7,Clean
2024-01-01 08:01:20,246.9,1635.5,27.8,63.9,12,259.6,691.8,Clean
2024-01-01 08:16:24,612.4,2987.2,20.8,47.9,8,209.4,201.6,LPG
2024-01-01 08:12:38,200.5,1634.9,23.7,55.1,15,251.9,248.3,Clean
2024-01-01 08:06:14,192.2,1536.7,31.9,73.2,15,202.7,165.0,Clean
2024-01-02 08:01:26,579.8,1185.9,25.2,60.6,12,564.7,711.0,CO
2024-01-01 08:07:12,154.9,1220.3,29.3,67.1,8,165.3,144.7,Clean
2024-01-03 08:02:42,487.1,1361.3,24.1,66.6,12,301.4,475.6,CO2
2024-01-02 08:02:22,739.2,1342.6,31.2,67.5,12,677.9,534.0,CO
2024-01-01 08:01:44,225.9,1799.9,28.7,66.2,12,266.1,279.1,Clean
2024-01-03 08:01:16,415.1,465.2,23.1,60.4,9,466.6,422.2,CO2
2024-01-01 08:11:14,174.4,1502.3,25.0,62.7,9,210.6,206.8,Clean
2024-01-02 08:00:56,505.2,1434.7,24.2,54.4,16,626.4,566.2,CO
2024-01-01 08:23:58,198.9,1573.5,25.1,56.9,19,198.9,198.9,Clean
2024-01-02 08:00:08,580.3,460.7,26.9,68.6,14,642.4,791.2,CO
2024-01-01 08:09:50,141.0,1248.8,28.4,64.5,15,611.7,147.4,Clean
2024-01-01 08:23:22,205.5,1514.4,22.5,59.9,13,199.7,198.9,Clean
2024-01-01 08:08:22,171.0,1147.6,28.2,69.2,19,182.7,164.2,Clean
2024-01-02 08:00:12,816.6,537.3,27.1,58.0,10,738.6,792.5,CO
2024-01-01 08:15:22,249.7,1933.0,21.0,50.3,13,256.2,266.9,Clean
2024-01-01 08:15:10,233.9,1770.5,21.7,50.7,19,739.7,212.2,Clean
2024-01-01 08:09:00,178.8,1220.8,29.7,64.3,14,112.8,140.3,Clean
2024-01-02 08:03:10,681.7,475.5,24.7,63.4,14,753.9,594.6,CO
2024-01-03 08:00:44,482.6,1132.4,24.6,63.9,12,344.5,379.9,CO2
2024-01-01 08:08:58,152.6,1202.7,29.0,67.6,13,510.0,169.0,Clean
2024-01-04 08:01:10,412.5,920.4,33.1,50.4,17,557.3,460.3,NH3
2024-01-01 08:06:42,193.1,1288.5,32.3,68.3,17,154.9,165.3,Clean
2024-01-01 08:05:22,231.8,1543.5,29.7,69.3,13,203.5,207.4,Clean
2024-01-02 08:00:18,622.8,590.9,26.3,68.4,11,552.9,729.4,CO
2024-01-01 08:13:22,221.2,1817.7,23.2,55.5,13,272.8,206.7,Clean
2024-01-01 08:23:24,171.3,1375.7,24.6,59.5,14,201.3,198.9,Clean
2024-01-01 08:18:50,170.1,1236.4,19.0,50.9,9,174.1,148.4,Clean
2024-01-04 08:02:02,601.7,558.7,34.5,63.4,15,672.3,549.3,NH3
2024-01-04 08:02:10,644.1,508.8,32.8,54.7,13,507.8,667.7,NH3
2024-01-01 08:06:50,159.9,1219.5,29.9,72.5,9,213.9,171.6,Clean
2024-01-01 08:01:08,244.4,1573.0,25.4,63.3,18,202.5,261.2,Clean
2024-01-02 08:01:50,666.0,1281.0,26.5,64.9,16,648.8,887.9,CO
2024-01-01 08:16:56,226.9,1752.2,21.0,47.8,12,225.4,589.1,Clean
2024-01-04 08:03:34,586.7,1344.2,30.0,53.9,13,564.9,640.9,NH3
2024-01-01 08:03:02,269.4,1756.0,28.7,67.6,15,285.8,224.6,Clean
2024-01-03 08:01:54,345.2,645.9,26.3,62.9,13,402.7,425.4,CO2
2024-01-01 08:18:48,203.1,1295.6,19.4,48.9,8,190.9,179.9,Clean
2024-01-02 08:01:52,505.7,1124.6,29.1,56.2,18,803.9,791.1,CO
2024-01-01 08:08:02,153.8,1369.7,29.5,67.0,9,176.7,121.3,Clean
2024-01-01 08:00:26,173.0,1397.3,25.6,60.7,9,211.5,228.1,Clean
2024-01-01 08:10:30,165.3,1446.9,26.5,67.1,11,175.1,669.8,Clean
2024-01-01 08:20:00,171.5,1243.7,21.1,52.6,8,154.1,116.2,Clean
2024-01-01 08:12:54,260.6,1533.4,23.6,56.9,11,233.9,244.5,Clean
2024-01-01 08:05:32,228.3,1629.8,29.7,70.0,18,181.8,168.3,Clean
2024-01-03 08:00:00,414.2,418.4,22.5,51.4,9,455.4,415.9,CO2
2024-01-01 08:00:40,246.4,1418.7,28.0,65.2,16,204.3,244.8,Clean
2024-01-01 08:21:32,98.2,1210.2,22.0,56.5,18,146.6,143.7,Clean
2024-01-02 08:03:42,567.9,1407.0,31.7,69.1,8,782.9,547.2,CO
2024-01-01 08:18:44,198.1,1454.6,18.7,49.5,18,184.8,169.7,Clean
2024-01-04 08:03:10,645.8,886.5,32.7,54.2,18,485.0,413.0,NH3
2024-01-01 08:22:52,167.9,1194.2,22.3,57.8,10,205.5,199.7,Clean
2024-01-03 08:03:54,311.7,208.0,26.8,58.8,13,473.7,479.7,CO2
2024-01-01 08:06:18,161.7,1668.0,30.8,74.5,17,151.9,170.0,Clean
2024-01-04 08:00:30,614.5,743.2,31.5,60.8,19,624.9,670.6,NH3
2024-01-01 08:23:18,179.2,1448.0,23.5,58.4,11,194.9,198.9,Clean
2024-01-01 08:17:00,229.9,1591.0,20.0,52.0,14,176.2,216.1,Clean
2024-01-01 08:15:48,637.7,2281.7,19.5,48.8,14,256.1,215.9,LPG
2024-01-03 08:00:32,451.6,249.9,26.3,65.3,13,424.2,404.3,CO2
2024-01-02 08:00:54,849.5,572.7,31.2,68.2,10,776.0,672.1,CO
2024-01-01 08:08:24,194.8,1298.2,26.4,69.8,8,121.4,182.9,Clean
2024-01-01 08:00:42,213.4,1479.7,24.8,62.0,17,233.6,231.2,Clean
2024-01-01 08:15:18,225.3,1685.4,20.6,50.6,11,637.7,256.1,Clean
2024-01-01 08:09:12,154.3,1381.6,28.4,65.4,8,143.6,185.3,Clean
2024-01-03 08:03:50,448.5,942.1,24.0,69.6,13,487.1,487.0,CO2
2024-01-01 08:12:50,224.6,1525.3,20.5,54.1,9,200.6,226.3,Clean
2024-01-02 08:02:50,603.2,639.6,26.6,65.0,8,796.7,634.5,CO
2024-01-01 08:11:26,175.6,1240.7,26.0,61.7,15,205.1,230.9,Clean
2024-01-02 08:01:38,686.4,907.7,27.4,63.5,19,721.6,713.0,CO
2024-01-01 08:04:20,207.2,1666.9,29.5,66.2,18,244.2,197.4,Clean
2024-01-03 08:01:02,303.2,308.2,25.9,55.5,12,482.3,431.6,CO2
2024-01-01 08:02:54,256.5,1751.7,28.2,68.3,11,242.0,221.1,Clean
2024-01-01 08:11:00,175.1,1289.5,27.6,64.5,14,669.8,210.8,Clean
2024-01-01 08:15:32,260.2,1689.2,19.3,53.6,18,223.4,705.2,Clean
2024-01-01 08:04:02,224.6,1824.2,28.7,68.1,9,218.9,231.0,Clean
2024-01-04 08:02:48,579.8,360.8,30.5,55.4,18,472.2,518.4,NH3
2024-01-03 08:00:40,311.2,852.5,24.7,58.9,12,484.2,352.1,CO2
